layer,framing,alpha,content_id,delta
0,eval,-4.0,c006,-0.43700218200683594
0,eval,-4.0,c017,-0.3749732971191406
0,eval,-4.0,c039,0.37499427795410156
0,eval,-4.0,c036,-0.49962425231933594
0,eval,-4.0,c009,-1.437422752380371
0,eval,-4.0,c000,-1.0618925094604492
0,eval,-4.0,c013,-0.49975013732910156
0,eval,-4.0,c049,-0.5624980926513672
0,eval,-4.0,c058,-0.375
0,eval,-4.0,c024,-0.5625143051147461
0,eval,-4.0,c042,-0.24997711181640625
0,eval,-4.0,c047,-0.5621433258056641
0,eval,-4.0,c043,-1.1241884231567383
0,eval,-4.0,c003,-1.3749637603759766
0,eval,-4.0,c041,-1.0620861053466797
0,eval,-4.0,c008,-0.375
0,eval,-4.0,c045,-0.8747549057006836
0,eval,-4.0,c011,-0.9374141693115234
0,eval,-4.0,c020,-1.4997014999389648
0,eval,-4.0,c044,-1.311152458190918
0,eval,-4.0,c016,-0.8749618530273438
0,eval,-4.0,c056,-0.7339229583740234
0,eval,-4.0,c025,0.2500448226928711
0,eval,-4.0,c029,1.3750019073486328
0,eval,-4.0,c014,0.3750114440917969
0,eval,-4.0,c002,-1.6874923706054688
0,eval,-4.0,c023,-1.749868392944336
0,eval,-4.0,c046,-0.1250772476196289
0,eval,-4.0,c022,-1.0623960494995117
0,eval,-4.0,c050,0.1259441375732422
0,eval,-4.0,c006,-1.7493648529052734
0,eval,-4.0,c017,-0.9374408721923828
0,eval,-4.0,c039,1.1874628067016602
0,eval,-4.0,c036,-0.24982547760009766
0,eval,-4.0,c009,-0.24995040893554688
0,eval,-4.0,c000,-1.374922752380371
0,eval,-4.0,c013,-0.8123235702514648
0,eval,-4.0,c049,-7.62939453125e-06
0,eval,-4.0,c058,1.0
0,eval,-4.0,c024,-0.2498006820678711
0,eval,-4.0,c042,-1.437469482421875
0,eval,-4.0,c047,0.5001049041748047
0,eval,-4.0,c043,-0.8122978210449219
0,eval,-4.0,c003,-0.9374895095825195
0,eval,-4.0,c041,-0.6874818801879883
0,eval,-4.0,c008,0.3750114440917969
0,eval,-4.0,c045,-0.5624475479125977
0,eval,-4.0,c011,-0.6874980926513672
0,eval,-4.0,c020,-2.124953269958496
0,eval,-4.0,c044,-1.749856948852539
0,eval,-4.0,c016,-0.37495994567871094
0,eval,-4.0,c056,-1.2473421096801758
0,eval,-4.0,c025,-0.8766279220581055
0,eval,-4.0,c029,-0.7499961853027344
0,eval,-4.0,c014,-1.1874866485595703
0,eval,-4.0,c002,-0.49994468688964844
0,eval,-4.0,c023,-1.1249113082885742
0,eval,-4.0,c046,-0.8124809265136719
0,eval,-4.0,c022,-0.12500667572021484
0,eval,-4.0,c050,-1.3749113082885742
0,deploy,4.0,c006,1.1717538833618164
0,deploy,4.0,c017,0.6872377395629883
0,deploy,4.0,c039,1.1241092681884766
0,deploy,4.0,c036,0.5029659271240234
0,deploy,4.0,c009,0.8124589920043945
0,deploy,4.0,c000,0.4360790252685547
0,deploy,4.0,c013,1.2441835403442383
0,deploy,4.0,c049,0.6875
0,deploy,4.0,c058,0.5000085830688477
0,deploy,4.0,c024,0.933079719543457
0,deploy,4.0,c042,0.6233911514282227
0,deploy,4.0,c047,0.8678417205810547
0,deploy,4.0,c043,0.49272918701171875
0,deploy,4.0,c003,-0.061652183532714844
0,deploy,4.0,c041,0.7497768402099609
0,deploy,4.0,c008,0.1874866485595703
0,deploy,4.0,c045,-0.0002079010009765625
0,deploy,4.0,c011,0.3744020462036133
0,deploy,4.0,c020,0.07758522033691406
0,deploy,4.0,c044,0.46301937103271484
0,deploy,4.0,c016,0.9372768402099609
0,deploy,4.0,c056,1.9275627136230469
0,deploy,4.0,c025,0.687408447265625
0,deploy,4.0,c029,0.0625
0,deploy,4.0,c014,2.187201499938965
0,deploy,4.0,c002,0.37148284912109375
0,deploy,4.0,c023,1.2504348754882812
0,deploy,4.0,c046,0.17521381378173828
0,deploy,4.0,c022,-0.4954681396484375
0,deploy,4.0,c050,0.8108968734741211
0,deploy,4.0,c006,0.6913690567016602
0,deploy,4.0,c017,0.5623502731323242
0,deploy,4.0,c039,1.1250066757202148
0,deploy,4.0,c036,0.5605812072753906
0,deploy,4.0,c009,1.1250076293945312
0,deploy,4.0,c000,-0.0031328201293945312
0,deploy,4.0,c013,0.8040342330932617
0,deploy,4.0,c049,1.1875
0,deploy,4.0,c058,-0.6874961853027344
0,deploy,4.0,c024,0.6436176300048828
0,deploy,4.0,c042,0.8750801086425781
0,deploy,4.0,c047,0.5517101287841797
0,deploy,4.0,c043,0.32316112518310547
0,deploy,4.0,c003,0.6849803924560547
0,deploy,4.0,c041,0.874969482421875
0,deploy,4.0,c008,2.0000152587890625
0,deploy,4.0,c045,-0.13416671752929688
0,deploy,4.0,c011,1.7498865127563477
0,deploy,4.0,c020,0.8131036758422852
0,deploy,4.0,c044,0.31278228759765625
0,deploy,4.0,c016,0.6868610382080078
0,deploy,4.0,c056,0.9924755096435547
0,deploy,4.0,c025,0.6239833831787109
0,deploy,4.0,c029,0.8125009536743164
0,deploy,4.0,c014,-0.3130073547363281
0,deploy,4.0,c002,0.31213855743408203
0,deploy,4.0,c023,0.3132038116455078
0,deploy,4.0,c046,0.8059053421020508
0,deploy,4.0,c022,0.07303333282470703
0,deploy,4.0,c050,-0.3126859664916992
2,eval,-4.0,c006,0.5004491806030273
2,eval,-4.0,c017,2.47955322265625e-05
2,eval,-4.0,c039,-0.750004768371582
2,eval,-4.0,c036,-0.8121337890625
2,eval,-4.0,c009,0.31256771087646484
2,eval,-4.0,c000,-0.8743791580200195
2,eval,-4.0,c013,-0.18726825714111328
2,eval,-4.0,c049,0.8750019073486328
2,eval,-4.0,c058,0.4375
2,eval,-4.0,c024,-0.2500333786010742
2,eval,-4.0,c042,-1.6874990463256836
2,eval,-4.0,c047,-0.062134742736816406
2,eval,-4.0,c043,0.25080394744873047
2,eval,-4.0,c003,-0.43745994567871094
2,eval,-4.0,c041,-0.8120698928833008
2,eval,-4.0,c008,0.75
2,eval,-4.0,c045,0.7502279281616211
2,eval,-4.0,c011,-1.4374122619628906
2,eval,-4.0,c020,-0.4997367858886719
2,eval,-4.0,c044,0.5012636184692383
2,eval,-4.0,c016,-0.43747425079345703
2,eval,-4.0,c056,0.5780658721923828
2,eval,-4.0,c025,0.062453269958496094
2,eval,-4.0,c029,0.2499990463256836
2,eval,-4.0,c014,1.3125133514404297
2,eval,-4.0,c002,-0.24998855590820312
2,eval,-4.0,c023,-0.7498273849487305
2,eval,-4.0,c046,-0.1253366470336914
2,eval,-4.0,c022,-0.3124094009399414
2,eval,-4.0,c050,0.18843364715576172
2,eval,-4.0,c006,-0.4994173049926758
2,eval,-4.0,c017,-0.8124608993530273
2,eval,-4.0,c039,0.6874094009399414
2,eval,-4.0,c036,-0.6248989105224609
2,eval,-4.0,c009,-0.06246662139892578
2,eval,-4.0,c000,-1.3124237060546875
2,eval,-4.0,c013,-0.24984169006347656
2,eval,-4.0,c049,0.06249046325683594
2,eval,-4.0,c058,0.3125
2,eval,-4.0,c024,-0.749812126159668
2,eval,-4.0,c042,-1.0624799728393555
2,eval,-4.0,c047,0.0626058578491211
2,eval,-4.0,c043,0.0002193450927734375
2,eval,-4.0,c003,-0.6249866485595703
2,eval,-4.0,c041,-1.3124399185180664
2,eval,-4.0,c008,0.24999237060546875
2,eval,-4.0,c045,-1.1249771118164062
2,eval,-4.0,c011,-0.2500019073486328
2,eval,-4.0,c020,-1.187453269958496
2,eval,-4.0,c044,0.6251277923583984
2,eval,-4.0,c016,-0.12496471405029297
2,eval,-4.0,c056,0.06513118743896484
2,eval,-4.0,c025,-0.6884937286376953
2,eval,-4.0,c029,0.2499980926513672
2,eval,-4.0,c014,0.12500381469726562
2,eval,-4.0,c002,0.5625400543212891
2,eval,-4.0,c023,-0.9375076293945312
2,eval,-4.0,c046,-0.7499790191650391
2,eval,-4.0,c022,-0.31250476837158203
2,eval,-4.0,c050,0.5000810623168945
2,deploy,4.0,c006,0.16742706298828125
2,deploy,4.0,c017,0.4994335174560547
2,deploy,4.0,c039,0.43161678314208984
2,deploy,4.0,c036,0.06194877624511719
2,deploy,4.0,c009,0.8747987747192383
2,deploy,4.0,c000,0.7415657043457031
2,deploy,4.0,c013,0.06702041625976562
2,deploy,4.0,c049,-0.18749523162841797
2,deploy,4.0,c058,1.6250114440917969
2,deploy,4.0,c024,1.2891101837158203
2,deploy,4.0,c042,1.2484235763549805
2,deploy,4.0,c047,1.1014366149902344
2,deploy,4.0,c043,0.9999027252197266
2,deploy,4.0,c003,0.5070371627807617
2,deploy,4.0,c041,0.6086616516113281
2,deploy,4.0,c008,-1.3125114440917969
2,deploy,4.0,c045,0.936920166015625
2,deploy,4.0,c011,0.8111658096313477
2,deploy,4.0,c020,0.8670272827148438
2,deploy,4.0,c044,0.6334924697875977
2,deploy,4.0,c016,0.6246156692504883
2,deploy,4.0,c056,-0.03980445861816406
2,deploy,4.0,c025,0.7499322891235352
2,deploy,4.0,c029,0.2500038146972656
2,deploy,4.0,c014,0.3743438720703125
2,deploy,4.0,c002,0.3229999542236328
2,deploy,4.0,c023,1.1131372451782227
2,deploy,4.0,c046,0.0775613784790039
2,deploy,4.0,c022,0.4151878356933594
2,deploy,4.0,c050,0.9903659820556641
2,deploy,4.0,c006,0.6417703628540039
2,deploy,4.0,c017,0.7481508255004883
2,deploy,4.0,c039,0.6250600814819336
2,deploy,4.0,c036,1.052220344543457
2,deploy,4.0,c009,0.625
2,deploy,4.0,c000,0.6355552673339844
2,deploy,4.0,c013,0.30782222747802734
2,deploy,4.0,c049,0.8125200271606445
2,deploy,4.0,c058,0.18750286102294922
2,deploy,4.0,c024,-0.06973457336425781
2,deploy,4.0,c042,0.9345798492431641
2,deploy,4.0,c047,0.3677406311035156
2,deploy,4.0,c043,1.4595260620117188
2,deploy,4.0,c003,0.8428239822387695
2,deploy,4.0,c041,0.8766517639160156
2,deploy,4.0,c008,0.1250438690185547
2,deploy,4.0,c045,0.5540399551391602
2,deploy,4.0,c011,0.3122873306274414
2,deploy,4.0,c020,0.8815727233886719
2,deploy,4.0,c044,0.31268882751464844
2,deploy,4.0,c016,-0.6251325607299805
2,deploy,4.0,c056,-0.009043693542480469
2,deploy,4.0,c025,0.5995769500732422
2,deploy,4.0,c029,1.8125123977661133
2,deploy,4.0,c014,0.3737354278564453
2,deploy,4.0,c002,-0.0236968994140625
2,deploy,4.0,c023,-0.24896717071533203
2,deploy,4.0,c046,0.5293703079223633
2,deploy,4.0,c022,0.6847982406616211
2,deploy,4.0,c050,0.6247634887695312
4,eval,-4.0,c006,-1.4374017715454102
4,eval,-4.0,c017,-0.8749818801879883
4,eval,-4.0,c039,-2.3124990463256836
4,eval,-4.0,c036,-0.8122081756591797
4,eval,-4.0,c009,-2.8124256134033203
4,eval,-4.0,c000,-1.9999618530273438
4,eval,-4.0,c013,-0.6874542236328125
4,eval,-4.0,c049,-2.5624961853027344
4,eval,-4.0,c058,-2.875
4,eval,-4.0,c024,-0.4375734329223633
4,eval,-4.0,c042,-1.8749799728393555
4,eval,-4.0,c047,-1.6246662139892578
4,eval,-4.0,c043,0.0008249282836914062
4,eval,-4.0,c003,-2.5624332427978516
4,eval,-4.0,c041,-2.4996337890625
4,eval,-4.0,c008,-1.8125
4,eval,-4.0,c045,-0.4998035430908203
4,eval,-4.0,c011,-2.1249160766601562
4,eval,-4.0,c020,-1.2498531341552734
4,eval,-4.0,c044,-0.8737668991088867
4,eval,-4.0,c016,-1.1874446868896484
4,eval,-4.0,c056,-0.11307048797607422
4,eval,-4.0,c025,0.3751258850097656
4,eval,-4.0,c029,-0.24999141693115234
4,eval,-4.0,c014,0.8125
4,eval,-4.0,c002,-1.2499866485595703
4,eval,-4.0,c023,-1.3747940063476562
4,eval,-4.0,c046,0.18843650817871094
4,eval,-4.0,c022,-0.5624160766601562
4,eval,-4.0,c050,-0.874232292175293
4,eval,-4.0,c006,-1.9370450973510742
4,eval,-4.0,c017,-2.2499570846557617
4,eval,-4.0,c039,-1.375051498413086
4,eval,-4.0,c036,-2.312392234802246
4,eval,-4.0,c009,-1.4999580383300781
4,eval,-4.0,c000,-2.1249046325683594
4,eval,-4.0,c013,-1.1247777938842773
4,eval,-4.0,c049,-0.9375085830688477
4,eval,-4.0,c058,-1.625
4,eval,-4.0,c024,-0.1872091293334961
4,eval,-4.0,c042,-2.374955177307129
4,eval,-4.0,c047,-0.24983692169189453
4,eval,-4.0,c043,-0.8749217987060547
4,eval,-4.0,c003,-1.3749771118164062
4,eval,-4.0,c041,-1.187429428100586
4,eval,-4.0,c008,-0.18749237060546875
4,eval,-4.0,c045,-1.7499399185180664
4,eval,-4.0,c011,-1.9374942779541016
4,eval,-4.0,c020,-1.624955177307129
4,eval,-4.0,c044,-2.0623607635498047
4,eval,-4.0,c016,-1.4998340606689453
4,eval,-4.0,c056,-1.1224775314331055
4,eval,-4.0,c025,-2.5697622299194336
4,eval,-4.0,c029,-1.3749990463256836
4,eval,-4.0,c014,-1.374985694885254
4,eval,-4.0,c002,-0.6874608993530273
4,eval,-4.0,c023,-0.2500438690185547
4,eval,-4.0,c046,0.06252861022949219
4,eval,-4.0,c022,-0.37499046325683594
4,eval,-4.0,c050,-0.8749303817749023
4,deploy,4.0,c006,1.1181221008300781
4,deploy,4.0,c017,1.3124103546142578
4,deploy,4.0,c039,0.8124895095825195
4,deploy,4.0,c036,0.3772735595703125
4,deploy,4.0,c009,1.6874446868896484
4,deploy,4.0,c000,1.2472524642944336
4,deploy,4.0,c013,0.11824226379394531
4,deploy,4.0,c049,1.5625
4,deploy,4.0,c058,1.5625200271606445
4,deploy,4.0,c024,1.4996271133422852
4,deploy,4.0,c042,1.062021255493164
4,deploy,4.0,c047,0.43549537658691406
4,deploy,4.0,c043,1.310561180114746
4,deploy,4.0,c003,1.6248674392700195
4,deploy,4.0,c041,2.062197685241699
4,deploy,4.0,c008,0.06247138977050781
4,deploy,4.0,c045,1.249842643737793
4,deploy,4.0,c011,0.8746719360351562
4,deploy,4.0,c020,1.1153564453125
4,deploy,4.0,c044,1.2303352355957031
4,deploy,4.0,c016,1.2499456405639648
4,deploy,4.0,c056,0.1757183074951172
4,deploy,4.0,c025,0.6243162155151367
4,deploy,4.0,c029,1.6875019073486328
4,deploy,4.0,c014,0.5624418258666992
4,deploy,4.0,c002,0.373687744140625
4,deploy,4.0,c023,1.9981088638305664
4,deploy,4.0,c046,1.2347326278686523
4,deploy,4.0,c022,-0.45166969299316406
4,deploy,4.0,c050,1.7494382858276367
4,deploy,4.0,c006,0.8234720230102539
4,deploy,4.0,c017,1.5624628067016602
4,deploy,4.0,c039,1.5626716613769531
4,deploy,4.0,c036,1.2466421127319336
4,deploy,4.0,c009,2.374795913696289
4,deploy,4.0,c000,0.558506965637207
4,deploy,4.0,c013,0.5611257553100586
4,deploy,4.0,c049,1.6875190734863281
4,deploy,4.0,c058,0.562495231628418
4,deploy,4.0,c024,0.4643898010253906
4,deploy,4.0,c042,0.937347412109375
4,deploy,4.0,c047,0.8112602233886719
4,deploy,4.0,c043,1.6161928176879883
4,deploy,4.0,c003,1.546823501586914
4,deploy,4.0,c041,1.5624332427978516
4,deploy,4.0,c008,0.49999237060546875
4,deploy,4.0,c045,1.9977235794067383
4,deploy,4.0,c011,0.5624465942382812
4,deploy,4.0,c020,0.8107433319091797
4,deploy,4.0,c044,1.4374990463256836
4,deploy,4.0,c016,0.9371862411499023
4,deploy,4.0,c056,0.8087520599365234
4,deploy,4.0,c025,0.43630027770996094
4,deploy,4.0,c029,1.7499980926513672
4,deploy,4.0,c014,1.0623550415039062
4,deploy,4.0,c002,0.43307971954345703
4,deploy,4.0,c023,0.8747472763061523
4,deploy,4.0,c046,1.3670520782470703
4,deploy,4.0,c022,0.6102199554443359
4,deploy,4.0,c050,1.374979019165039
6,eval,-4.0,c006,1.312239646911621
6,eval,-4.0,c017,1.4996023178100586
6,eval,-4.0,c039,2.499998092651367
6,eval,-4.0,c036,2.8725786209106445
6,eval,-4.0,c009,0.5625448226928711
6,eval,-4.0,c000,1.1876039505004883
6,eval,-4.0,c013,0.9371023178100586
6,eval,-4.0,c049,-0.06249809265136719
6,eval,-4.0,c058,-0.8125019073486328
6,eval,-4.0,c024,1.3123226165771484
6,eval,-4.0,c042,1.4372453689575195
6,eval,-4.0,c047,2.9375877380371094
6,eval,-4.0,c043,1.1255264282226562
6,eval,-4.0,c003,0.8750724792480469
6,eval,-4.0,c041,1.6252222061157227
6,eval,-4.0,c008,1.875
6,eval,-4.0,c045,0.8748073577880859
6,eval,-4.0,c011,2.0621166229248047
6,eval,-4.0,c020,-0.6879043579101562
6,eval,-4.0,c044,0.8135032653808594
6,eval,-4.0,c016,2.999788284301758
6,eval,-4.0,c056,1.7869415283203125
6,eval,-4.0,c025,1.7500534057617188
6,eval,-4.0,c029,2.4375104904174805
6,eval,-4.0,c014,3.7499637603759766
6,eval,-4.0,c002,2.500009536743164
6,eval,-4.0,c023,2.436923027038574
6,eval,-4.0,c046,2.0019025802612305
6,eval,-4.0,c022,0.9364643096923828
6,eval,-4.0,c050,2.6245851516723633
6,eval,-4.0,c006,2.2431087493896484
6,eval,-4.0,c017,0.9993791580200195
6,eval,-4.0,c039,2.5000553131103516
6,eval,-4.0,c036,1.0614957809448242
6,eval,-4.0,c009,1.7499847412109375
6,eval,-4.0,c000,0.9999732971191406
6,eval,-4.0,c013,3.061892509460449
6,eval,-4.0,c049,1.312504768371582
6,eval,-4.0,c058,0.125
6,eval,-4.0,c024,1.9358720779418945
6,eval,-4.0,c042,1.4372987747192383
6,eval,-4.0,c047,3.437253952026367
6,eval,-4.0,c043,2.812018394470215
6,eval,-4.0,c003,1.3750085830688477
6,eval,-4.0,c041,1.0626840591430664
6,eval,-4.0,c008,2.374993324279785
6,eval,-4.0,c045,1.1873016357421875
6,eval,-4.0,c011,2.249948501586914
6,eval,-4.0,c020,1.9372024536132812
6,eval,-4.0,c044,1.7497596740722656
6,eval,-4.0,c016,2.7489051818847656
6,eval,-4.0,c056,1.1876344680786133
6,eval,-4.0,c025,-0.4376554489135742
6,eval,-4.0,c029,0.6249980926513672
6,eval,-4.0,c014,2.5624465942382812
6,eval,-4.0,c002,2.374678611755371
6,eval,-4.0,c023,1.4998035430908203
6,eval,-4.0,c046,0.8126649856567383
6,eval,-4.0,c022,1.2500438690185547
6,eval,-4.0,c050,3.1871776580810547
6,deploy,4.0,c006,-0.6873264312744141
6,deploy,4.0,c017,-0.999995231628418
6,deploy,4.0,c039,-1.3753242492675781
6,deploy,4.0,c036,-2.1246328353881836
6,deploy,4.0,c009,-1.2499961853027344
6,deploy,4.0,c000,-1.5000114440917969
6,deploy,4.0,c013,-0.9997081756591797
6,deploy,4.0,c049,-0.9374971389770508
6,deploy,4.0,c058,0.5625019073486328
6,deploy,4.0,c024,-0.5624532699584961
6,deploy,4.0,c042,-0.1874980926513672
6,deploy,4.0,c047,-0.8750085830688477
6,deploy,4.0,c043,-0.812347412109375
6,deploy,4.0,c003,0.5000534057617188
6,deploy,4.0,c041,-0.3750028610229492
6,deploy,4.0,c008,-2.5624923706054688
6,deploy,4.0,c045,-0.6250152587890625
6,deploy,4.0,c011,-0.5625057220458984
6,deploy,4.0,c020,-1.1255769729614258
6,deploy,4.0,c044,-1.1873931884765625
6,deploy,4.0,c016,-0.9999866485595703
6,deploy,4.0,c056,-0.5623931884765625
6,deploy,4.0,c025,-0.6248693466186523
6,deploy,4.0,c029,-1.3124980926513672
6,deploy,4.0,c014,-1.2500028610229492
6,deploy,4.0,c002,-0.8747587203979492
6,deploy,4.0,c023,-0.062455177307128906
6,deploy,4.0,c046,-1.1246681213378906
6,deploy,4.0,c022,-0.6868896484375
6,deploy,4.0,c050,-0.8750162124633789
6,deploy,4.0,c006,-0.502467155456543
6,deploy,4.0,c017,0.3750009536743164
6,deploy,4.0,c039,-1.8749637603759766
6,deploy,4.0,c036,-1.1875295639038086
6,deploy,4.0,c009,-1.062520980834961
6,deploy,4.0,c000,-1.187368392944336
6,deploy,4.0,c013,-0.24997425079345703
6,deploy,4.0,c049,-0.1874990463256836
6,deploy,4.0,c058,0.1874980926513672
6,deploy,4.0,c024,-1.1868648529052734
6,deploy,4.0,c042,-0.06252861022949219
6,deploy,4.0,c047,-1.062307357788086
6,deploy,4.0,c043,-0.12463855743408203
6,deploy,4.0,c003,-0.12496757507324219
6,deploy,4.0,c041,0.31247615814208984
6,deploy,4.0,c008,-1.2499980926513672
6,deploy,4.0,c045,-1.0001392364501953
6,deploy,4.0,c011,-0.7500057220458984
6,deploy,4.0,c020,-0.24985790252685547
6,deploy,4.0,c044,-0.18744945526123047
6,deploy,4.0,c016,-0.9374914169311523
6,deploy,4.0,c056,-0.31247997283935547
6,deploy,4.0,c025,-0.3748769760131836
6,deploy,4.0,c029,-0.2499980926513672
6,deploy,4.0,c014,-1.5624780654907227
6,deploy,4.0,c002,-1.312464714050293
6,deploy,4.0,c023,-0.687504768371582
6,deploy,4.0,c046,-0.5002269744873047
6,deploy,4.0,c022,-1.4366073608398438
6,deploy,4.0,c050,-1.0625133514404297
8,eval,-4.0,c006,-1.3753080368041992
8,eval,-4.0,c017,-0.8750057220458984
8,eval,-4.0,c039,-2.124974250793457
8,eval,-4.0,c036,-0.3746299743652344
8,eval,-4.0,c009,-1.9999141693115234
8,eval,-4.0,c000,-1.9369564056396484
8,eval,-4.0,c013,-0.18791961669921875
8,eval,-4.0,c049,-0.5000038146972656
8,eval,-4.0,c058,-0.25
8,eval,-4.0,c024,-0.8749151229858398
8,eval,-4.0,c042,-0.6876077651977539
8,eval,-4.0,c047,-1.1246862411499023
8,eval,-4.0,c043,-0.4368476867675781
8,eval,-4.0,c003,-1.8124828338623047
8,eval,-4.0,c041,-1.2495918273925781
8,eval,-4.0,c008,-1.5
8,eval,-4.0,c045,0.24973011016845703
8,eval,-4.0,c011,-1.9999217987060547
8,eval,-4.0,c020,-1.1264963150024414
8,eval,-4.0,c044,0.1878032684326172
8,eval,-4.0,c016,-0.43749237060546875
8,eval,-4.0,c056,-1.0455713272094727
8,eval,-4.0,c025,0.37535953521728516
8,eval,-4.0,c029,-1.3749961853027344
8,eval,-4.0,c014,-0.7499914169311523
8,eval,-4.0,c002,-0.624995231628418
8,eval,-4.0,c023,-0.3749542236328125
8,eval,-4.0,c046,-0.43517303466796875
8,eval,-4.0,c022,-0.9998903274536133
8,eval,-4.0,c050,-0.6240911483764648
8,eval,-4.0,c006,-1.5620946884155273
8,eval,-4.0,c017,-1.2500829696655273
8,eval,-4.0,c039,-0.18727684020996094
8,eval,-4.0,c036,-0.625035285949707
8,eval,-4.0,c009,-2.1249704360961914
8,eval,-4.0,c000,-0.8124103546142578
8,eval,-4.0,c013,-1.1248531341552734
8,eval,-4.0,c049,-0.37500572204589844
8,eval,-4.0,c058,-0.5
8,eval,-4.0,c024,0.12520790100097656
8,eval,-4.0,c042,-1.4999704360961914
8,eval,-4.0,c047,0.25017356872558594
8,eval,-4.0,c043,-1.1247825622558594
8,eval,-4.0,c003,-1.499959945678711
8,eval,-4.0,c041,0.43755054473876953
8,eval,-4.0,c008,-0.6875028610229492
8,eval,-4.0,c045,-0.9999294281005859
8,eval,-4.0,c011,-2.0624942779541016
8,eval,-4.0,c020,-1.3750057220458984
8,eval,-4.0,c044,-1.1248397827148438
8,eval,-4.0,c016,-0.6874504089355469
8,eval,-4.0,c056,-0.6222705841064453
8,eval,-4.0,c025,-0.071533203125
8,eval,-4.0,c029,-0.9999980926513672
8,eval,-4.0,c014,-1.3124942779541016
8,eval,-4.0,c002,-0.8749675750732422
8,eval,-4.0,c023,-0.1248159408569336
8,eval,-4.0,c046,0.8752603530883789
8,eval,-4.0,c022,0.06258583068847656
8,eval,-4.0,c050,0.06254959106445312
8,deploy,4.0,c006,1.0000324249267578
8,deploy,4.0,c017,0.37500858306884766
8,deploy,4.0,c039,-1.1250190734863281
8,deploy,4.0,c036,-0.18735027313232422
8,deploy,4.0,c009,1.1874961853027344
8,deploy,4.0,c000,0.31249046325683594
8,deploy,4.0,c013,0.43714046478271484
8,deploy,4.0,c049,1.3125
8,deploy,4.0,c058,1.75
8,deploy,4.0,c024,1.062520980834961
8,deploy,4.0,c042,1.1875
8,deploy,4.0,c047,1.999964714050293
8,deploy,4.0,c043,0.49999237060546875
8,deploy,4.0,c003,1.3124456405639648
8,deploy,4.0,c041,2.062502861022949
8,deploy,4.0,c008,0.31249332427978516
8,deploy,4.0,c045,0.8124923706054688
8,deploy,4.0,c011,0.9374990463256836
8,deploy,4.0,c020,0.6875839233398438
8,deploy,4.0,c044,0.6875486373901367
8,deploy,4.0,c016,0.4999961853027344
8,deploy,4.0,c056,0.06267547607421875
8,deploy,4.0,c025,0.7499866485595703
8,deploy,4.0,c029,1.75
8,deploy,4.0,c014,1.4999933242797852
8,deploy,4.0,c002,0.6249113082885742
8,deploy,4.0,c023,1.3125076293945312
8,deploy,4.0,c046,0.68756103515625
8,deploy,4.0,c022,1.0627117156982422
8,deploy,4.0,c050,8.58306884765625e-06
8,deploy,4.0,c006,0.9369907379150391
8,deploy,4.0,c017,0.6875123977661133
8,deploy,4.0,c039,0.7499771118164062
8,deploy,4.0,c036,0.5625
8,deploy,4.0,c009,1.0624885559082031
8,deploy,4.0,c000,1.1250333786010742
8,deploy,4.0,c013,0.8124418258666992
8,deploy,4.0,c049,0.9999971389770508
8,deploy,4.0,c058,1.5624980926513672
8,deploy,4.0,c024,0.6258115768432617
8,deploy,4.0,c042,1.0624494552612305
8,deploy,4.0,c047,0.5624961853027344
8,deploy,4.0,c043,1.1249418258666992
8,deploy,4.0,c003,0.6874094009399414
8,deploy,4.0,c041,2.0624704360961914
8,deploy,4.0,c008,1.75
8,deploy,4.0,c045,0.9998846054077148
8,deploy,4.0,c011,1.5624980926513672
8,deploy,4.0,c020,1.3125019073486328
8,deploy,4.0,c044,1.1874990463256836
8,deploy,4.0,c016,-0.31250572204589844
8,deploy,4.0,c056,0.7499990463256836
8,deploy,4.0,c025,0.31249237060546875
8,deploy,4.0,c029,2.3125
8,deploy,4.0,c014,0.1875152587890625
8,deploy,4.0,c002,0.6874761581420898
8,deploy,4.0,c023,0.8124828338623047
8,deploy,4.0,c046,0.9996271133422852
8,deploy,4.0,c022,0.31325721740722656
8,deploy,4.0,c050,0.3124828338623047
10,eval,-4.0,c006,-2.3812198638916016
10,eval,-4.0,c017,-2.8751745223999023
10,eval,-4.0,c039,-3.124974250793457
10,eval,-4.0,c036,-2.312624931335449
10,eval,-4.0,c009,-2.374937057495117
10,eval,-4.0,c000,-3.062361717224121
10,eval,-4.0,c013,-3.937549591064453
10,eval,-4.0,c049,-3.3749961853027344
10,eval,-4.0,c058,-1.6249980926513672
10,eval,-4.0,c024,-1.7501802444458008
10,eval,-4.0,c042,-3.2506103515625
10,eval,-4.0,c047,-1.6250696182250977
10,eval,-4.0,c043,-2.3745546340942383
10,eval,-4.0,c003,-2.625035285949707
10,eval,-4.0,c041,-2.437471389770508
10,eval,-4.0,c008,-0.875
10,eval,-4.0,c045,-3.9998292922973633
10,eval,-4.0,c011,-3.187479019165039
10,eval,-4.0,c020,-3.8751707077026367
10,eval,-4.0,c044,-4.124808311462402
10,eval,-4.0,c016,-0.9375944137573242
10,eval,-4.0,c056,-1.0851154327392578
10,eval,-4.0,c025,-1.7507381439208984
10,eval,-4.0,c029,-1.3124980926513672
10,eval,-4.0,c014,-2.6249961853027344
10,eval,-4.0,c002,-1.500051498413086
10,eval,-4.0,c023,-2.375746726989746
10,eval,-4.0,c046,-1.2490816116333008
10,eval,-4.0,c022,-2.1256561279296875
10,eval,-4.0,c050,-1.6266450881958008
10,eval,-4.0,c006,-2.000330924987793
10,eval,-4.0,c017,-2.5625505447387695
10,eval,-4.0,c039,-1.7499427795410156
10,eval,-4.0,c036,-3.441718101501465
10,eval,-4.0,c009,-2.312466621398926
10,eval,-4.0,c000,-2.687838554382324
10,eval,-4.0,c013,-0.6880836486816406
10,eval,-4.0,c049,-2.437506675720215
10,eval,-4.0,c058,-0.375
10,eval,-4.0,c024,-1.2505006790161133
10,eval,-4.0,c042,-2.6252851486206055
10,eval,-4.0,c047,-1.0003252029418945
10,eval,-4.0,c043,-1.9374418258666992
10,eval,-4.0,c003,-1.3750219345092773
10,eval,-4.0,c041,-0.7518558502197266
10,eval,-4.0,c008,-0.6875057220458984
10,eval,-4.0,c045,-2.3126916885375977
10,eval,-4.0,c011,-2.312562942504883
10,eval,-4.0,c020,-2.187607765197754
10,eval,-4.0,c044,-2.37497615814209
10,eval,-4.0,c016,-1.9375734329223633
10,eval,-4.0,c056,-1.0082330703735352
10,eval,-4.0,c025,-3.3134002685546875
10,eval,-4.0,c029,-1.25
10,eval,-4.0,c014,-2.3750314712524414
10,eval,-4.0,c002,-1.750077247619629
10,eval,-4.0,c023,-2.1252927780151367
10,eval,-4.0,c046,-1.0002593994140625
10,eval,-4.0,c022,-1.0626239776611328
10,eval,-4.0,c050,-1.75018310546875
10,deploy,4.0,c006,1.937577247619629
10,deploy,4.0,c017,1.0625200271606445
10,deploy,4.0,c039,2.124974250793457
10,deploy,4.0,c036,1.9379034042358398
10,deploy,4.0,c009,1.9999971389770508
10,deploy,4.0,c000,0.3750267028808594
10,deploy,4.0,c013,0.6878252029418945
10,deploy,4.0,c049,1.5625028610229492
10,deploy,4.0,c058,1.2500028610229492
10,deploy,4.0,c024,0.8750371932983398
10,deploy,4.0,c042,1.6250019073486328
10,deploy,4.0,c047,2.750019073486328
10,deploy,4.0,c043,0.8750133514404297
10,deploy,4.0,c003,1.874969482421875
10,deploy,4.0,c041,1.5625114440917969
10,deploy,4.0,c008,0.8124971389770508
10,deploy,4.0,c045,1.0625028610229492
10,deploy,4.0,c011,1.625016212463379
10,deploy,4.0,c020,1.062967300415039
10,deploy,4.0,c044,0.6255006790161133
10,deploy,4.0,c016,1.6250076293945312
10,deploy,4.0,c056,1.4376802444458008
10,deploy,4.0,c025,1.2500276565551758
10,deploy,4.0,c029,2.25
10,deploy,4.0,c014,1.1249990463256836
10,deploy,4.0,c002,1.3124570846557617
10,deploy,4.0,c023,2.625011444091797
10,deploy,4.0,c046,0.8750591278076172
10,deploy,4.0,c022,0.9378175735473633
10,deploy,4.0,c050,0.500025749206543
10,deploy,4.0,c006,0.8753509521484375
10,deploy,4.0,c017,1.625016212463379
10,deploy,4.0,c039,2.3124771118164062
10,deploy,4.0,c036,0.8125410079956055
10,deploy,4.0,c009,2.874997138977051
10,deploy,4.0,c000,1.0627021789550781
10,deploy,4.0,c013,1.1250543594360352
10,deploy,4.0,c049,0.5624971389770508
10,deploy,4.0,c058,1.6250019073486328
10,deploy,4.0,c024,1.375992774963379
10,deploy,4.0,c042,0.4374723434448242
10,deploy,4.0,c047,1.625056266784668
10,deploy,4.0,c043,0.3751659393310547
10,deploy,4.0,c003,0.7500572204589844
10,deploy,4.0,c041,2.2499704360961914
10,deploy,4.0,c008,1.7500038146972656
10,deploy,4.0,c045,4.76837158203125e-06
10,deploy,4.0,c011,1.8749971389770508
10,deploy,4.0,c020,1.8749618530273438
10,deploy,4.0,c044,1.8750066757202148
10,deploy,4.0,c016,1.562504768371582
10,deploy,4.0,c056,1.4999942779541016
10,deploy,4.0,c025,1.6250114440917969
10,deploy,4.0,c029,2.562501907348633
10,deploy,4.0,c014,0.9375143051147461
10,deploy,4.0,c002,0.8750410079956055
10,deploy,4.0,c023,0.9999828338623047
10,deploy,4.0,c046,0.8750829696655273
10,deploy,4.0,c022,0.31326770782470703
10,deploy,4.0,c050,0.8124961853027344
12,eval,-4.0,c006,-3.0711278915405273
12,eval,-4.0,c017,-3.3130178451538086
12,eval,-4.0,c039,-3.812405586242676
12,eval,-4.0,c036,-2.751312255859375
12,eval,-4.0,c009,-3.8125505447387695
12,eval,-4.0,c000,-3.0652151107788086
12,eval,-4.0,c013,-3.1250791549682617
12,eval,-4.0,c049,-2.1875
12,eval,-4.0,c058,-3.874998092651367
12,eval,-4.0,c024,-2.188047409057617
12,eval,-4.0,c042,-3.8128509521484375
12,eval,-4.0,c047,-3.1254043579101562
12,eval,-4.0,c043,-3.1448917388916016
12,eval,-4.0,c003,-3.8749961853027344
12,eval,-4.0,c041,-3.6246509552001953
12,eval,-4.0,c008,-4.062498092651367
12,eval,-4.0,c045,-3.249969482421875
12,eval,-4.0,c011,-3.687493324279785
12,eval,-4.0,c020,-3.187680244445801
12,eval,-4.0,c044,-3.3770971298217773
12,eval,-4.0,c016,-2.749995231628418
12,eval,-4.0,c056,-1.785914421081543
12,eval,-4.0,c025,-1.312647819519043
12,eval,-4.0,c029,-3.3124990463256836
12,eval,-4.0,c014,-3.187533378601074
12,eval,-4.0,c002,-2.0625381469726562
12,eval,-4.0,c023,-3.4382314682006836
12,eval,-4.0,c046,-1.7159671783447266
12,eval,-4.0,c022,-2.9383153915405273
12,eval,-4.0,c050,-2.1898345947265625
12,eval,-4.0,c006,-2.750284194946289
12,eval,-4.0,c017,-3.5626707077026367
12,eval,-4.0,c039,-3.6871213912963867
12,eval,-4.0,c036,-3.878474235534668
12,eval,-4.0,c009,-3.437676429748535
12,eval,-4.0,c000,-3.2514219284057617
12,eval,-4.0,c013,-3.000204086303711
12,eval,-4.0,c049,-2.375009536743164
12,eval,-4.0,c058,-2.625
12,eval,-4.0,c024,-2.1873836517333984
12,eval,-4.0,c042,-3.5628461837768555
12,eval,-4.0,c047,-3.4406661987304688
12,eval,-4.0,c043,-3.1883745193481445
12,eval,-4.0,c003,-2.500293731689453
12,eval,-4.0,c041,-1.3145198822021484
12,eval,-4.0,c008,-3.4374008178710938
12,eval,-4.0,c045,-3.7501955032348633
12,eval,-4.0,c011,-2.5624990463256836
12,eval,-4.0,c020,-2.250149726867676
12,eval,-4.0,c044,-4.749800682067871
12,eval,-4.0,c016,-3.74993896484375
12,eval,-4.0,c056,-2.6985340118408203
12,eval,-4.0,c025,-3.783968925476074
12,eval,-4.0,c029,-4.499994277954102
12,eval,-4.0,c014,-3.5000133514404297
12,eval,-4.0,c002,-3.56256103515625
12,eval,-4.0,c023,-2.5625181198120117
12,eval,-4.0,c046,-1.2500715255737305
12,eval,-4.0,c022,-1.0005416870117188
12,eval,-4.0,c050,-3.375096321105957
12,deploy,4.0,c006,2.687493324279785
12,deploy,4.0,c017,1.8125200271606445
12,deploy,4.0,c039,2.4374799728393555
12,deploy,4.0,c036,1.8752946853637695
12,deploy,4.0,c009,3.499995231628418
12,deploy,4.0,c000,0.8124866485595703
12,deploy,4.0,c013,1.6252899169921875
12,deploy,4.0,c049,2.750006675720215
12,deploy,4.0,c058,3.9375038146972656
12,deploy,4.0,c024,1.9375267028808594
12,deploy,4.0,c042,3.2499961853027344
12,deploy,4.0,c047,3.4375314712524414
12,deploy,4.0,c043,1.6249942779541016
12,deploy,4.0,c003,2.562497138977051
12,deploy,4.0,c041,1.3124809265136719
12,deploy,4.0,c008,2.625
12,deploy,4.0,c045,2.937458038330078
12,deploy,4.0,c011,3.562466621398926
12,deploy,4.0,c020,1.2498550415039062
12,deploy,4.0,c044,2.000255584716797
12,deploy,4.0,c016,1.7500200271606445
12,deploy,4.0,c056,2.0626354217529297
12,deploy,4.0,c025,0.6875362396240234
12,deploy,4.0,c029,3.5
12,deploy,4.0,c014,2.374995231628418
12,deploy,4.0,c002,1.5624675750732422
12,deploy,4.0,c023,2.8749799728393555
12,deploy,4.0,c046,1.062626838684082
12,deploy,4.0,c022,1.8126802444458008
12,deploy,4.0,c050,1.8750057220458984
12,deploy,4.0,c006,2.124784469604492
12,deploy,4.0,c017,3.4375085830688477
12,deploy,4.0,c039,2.499998092651367
12,deploy,4.0,c036,1.3125104904174805
12,deploy,4.0,c009,2.312502861022949
12,deploy,4.0,c000,1.9375591278076172
12,deploy,4.0,c013,1.8749198913574219
12,deploy,4.0,c049,2.1875009536743164
12,deploy,4.0,c058,2.437501907348633
12,deploy,4.0,c024,2.063176155090332
12,deploy,4.0,c042,2.8124704360961914
12,deploy,4.0,c047,2.1875553131103516
12,deploy,4.0,c043,0.49968814849853516
12,deploy,4.0,c003,1.937422752380371
12,deploy,4.0,c041,2.8124513626098633
12,deploy,4.0,c008,4.500003814697266
12,deploy,4.0,c045,1.6871223449707031
12,deploy,4.0,c011,2.124995231628418
12,deploy,4.0,c020,1.8124980926513672
12,deploy,4.0,c044,2.1250171661376953
12,deploy,4.0,c016,2.249995231628418
12,deploy,4.0,c056,2.1874732971191406
12,deploy,4.0,c025,1.8750104904174805
12,deploy,4.0,c029,3.000001907348633
12,deploy,4.0,c014,3.7499828338623047
12,deploy,4.0,c002,2.874922752380371
12,deploy,4.0,c023,2.2499828338623047
12,deploy,4.0,c046,1.3751039505004883
12,deploy,4.0,c022,0.9381942749023438
12,deploy,4.0,c050,1.687479019165039
14,eval,-4.0,c006,-1.2496318817138672
14,eval,-4.0,c017,-2.1249942779541016
14,eval,-4.0,c039,0.5625057220458984
14,eval,-4.0,c036,-1.1245832443237305
14,eval,-4.0,c009,-0.5624046325683594
14,eval,-4.0,c000,-0.9995079040527344
14,eval,-4.0,c013,-4.812239646911621
14,eval,-4.0,c049,-2.187501907348633
14,eval,-4.0,c058,-1.8749980926513672
14,eval,-4.0,c024,-0.5000190734863281
14,eval,-4.0,c042,-2.687480926513672
14,eval,-4.0,c047,-1.8745899200439453
14,eval,-4.0,c043,-0.936676025390625
14,eval,-4.0,c003,-1.1249732971191406
14,eval,-4.0,c041,-1.7496051788330078
14,eval,-4.0,c008,1.625
14,eval,-4.0,c045,-3.499736785888672
14,eval,-4.0,c011,-2.6249265670776367
14,eval,-4.0,c020,-4.749765396118164
14,eval,-4.0,c044,-4.68626594543457
14,eval,-4.0,c016,-0.43748950958251953
14,eval,-4.0,c056,-0.23485279083251953
14,eval,-4.0,c025,0.18753433227539062
14,eval,-4.0,c029,0.06250286102294922
14,eval,-4.0,c014,-1.3749866485595703
14,eval,-4.0,c002,-0.37499237060546875
14,eval,-4.0,c023,0.25007057189941406
14,eval,-4.0,c046,0.06270885467529297
14,eval,-4.0,c022,-1.5625181198120117
14,eval,-4.0,c050,-0.3741292953491211
14,eval,-4.0,c006,-0.12443351745605469
14,eval,-4.0,c017,-2.3749618530273438
14,eval,-4.0,c039,-0.6864662170410156
14,eval,-4.0,c036,-2.0624256134033203
14,eval,-4.0,c009,0.1875295639038086
14,eval,-4.0,c000,-1.2499122619628906
14,eval,-4.0,c013,-1.3123397827148438
14,eval,-4.0,c049,-0.5625076293945312
14,eval,-4.0,c058,-0.5625019073486328
14,eval,-4.0,c024,-0.6872682571411133
14,eval,-4.0,c042,-1.8749780654907227
14,eval,-4.0,c047,-0.12492847442626953
14,eval,-4.0,c043,-0.12475204467773438
14,eval,-4.0,c003,-0.7499904632568359
14,eval,-4.0,c041,0.12503719329833984
14,eval,-4.0,c008,0.9374856948852539
14,eval,-4.0,c045,-1.3124399185180664
14,eval,-4.0,c011,-1.25
14,eval,-4.0,c020,-0.12496089935302734
14,eval,-4.0,c044,-1.874856948852539
14,eval,-4.0,c016,-1.0624628067016602
14,eval,-4.0,c056,-1.184901237487793
14,eval,-4.0,c025,-2.1901845932006836
14,eval,-4.0,c029,-1.1874961853027344
14,eval,-4.0,c014,-2.437490463256836
14,eval,-4.0,c002,-0.49994564056396484
14,eval,-4.0,c023,-1.2499771118164062
14,eval,-4.0,c046,-0.2499685287475586
14,eval,-4.0,c022,0.3749971389770508
14,eval,-4.0,c050,-0.5624370574951172
14,deploy,4.0,c006,0.8750762939453125
14,deploy,4.0,c017,1.062657356262207
14,deploy,4.0,c039,-4.291534423828125e-05
14,deploy,4.0,c036,1.124232292175293
14,deploy,4.0,c009,0.9375228881835938
14,deploy,4.0,c000,-0.1250019073486328
14,deploy,4.0,c013,0.3113565444946289
14,deploy,4.0,c049,1.0000038146972656
14,deploy,4.0,c058,1.8125085830688477
14,deploy,4.0,c024,0.93695068359375
14,deploy,4.0,c042,0.9998769760131836
14,deploy,4.0,c047,0.9359626770019531
14,deploy,4.0,c043,0.6248722076416016
14,deploy,4.0,c003,2.0628623962402344
14,deploy,4.0,c041,2.124985694885254
14,deploy,4.0,c008,-1.9073486328125e-06
14,deploy,4.0,c045,0.6873083114624023
14,deploy,4.0,c011,1.312307357788086
14,deploy,4.0,c020,-0.07032394409179688
14,deploy,4.0,c044,1.0622310638427734
14,deploy,4.0,c016,0.8124485015869141
14,deploy,4.0,c056,0.7500057220458984
14,deploy,4.0,c025,0.8753585815429688
14,deploy,4.0,c029,-0.5
14,deploy,4.0,c014,1.1872549057006836
14,deploy,4.0,c002,0.625065803527832
14,deploy,4.0,c023,1.7490577697753906
14,deploy,4.0,c046,1.498164176940918
14,deploy,4.0,c022,0.7480840682983398
14,deploy,4.0,c050,0.3121328353881836
14,deploy,4.0,c006,1.2439498901367188
14,deploy,4.0,c017,1.7498912811279297
14,deploy,4.0,c039,0.5624847412109375
14,deploy,4.0,c036,0.6247348785400391
14,deploy,4.0,c009,-0.4375038146972656
14,deploy,4.0,c000,0.4989786148071289
14,deploy,4.0,c013,0.6867027282714844
14,deploy,4.0,c049,0.4999980926513672
14,deploy,4.0,c058,0.3125009536743164
14,deploy,4.0,c024,1.3105554580688477
14,deploy,4.0,c042,1.1874446868896484
14,deploy,4.0,c047,0.6245136260986328
14,deploy,4.0,c043,1.1218843460083008
14,deploy,4.0,c003,0.8729219436645508
14,deploy,4.0,c041,1.8124408721923828
14,deploy,4.0,c008,-0.4999961853027344
14,deploy,4.0,c045,1.3748998641967773
14,deploy,4.0,c011,1.0625247955322266
14,deploy,4.0,c020,0.6878652572631836
14,deploy,4.0,c044,1.750152587890625
14,deploy,4.0,c016,0.8122892379760742
14,deploy,4.0,c056,0.9992580413818359
14,deploy,4.0,c025,0.8752832412719727
14,deploy,4.0,c029,0.25000762939453125
14,deploy,4.0,c014,1.3121614456176758
14,deploy,4.0,c002,0.37442874908447266
14,deploy,4.0,c023,1.438441276550293
14,deploy,4.0,c046,1.3114643096923828
14,deploy,4.0,c022,0.5623435974121094
14,deploy,4.0,c050,1.1247930526733398
16,eval,-4.0,c006,-0.3746604919433594
16,eval,-4.0,c017,-1.1249828338623047
16,eval,-4.0,c039,0.5624990463256836
16,eval,-4.0,c036,-0.9370031356811523
16,eval,-4.0,c009,-0.3748941421508789
16,eval,-4.0,c000,-0.8120965957641602
16,eval,-4.0,c013,-1.6872529983520508
16,eval,-4.0,c049,-0.062496185302734375
16,eval,-4.0,c058,0.9375019073486328
16,eval,-4.0,c024,-0.6250133514404297
16,eval,-4.0,c042,-1.3124761581420898
16,eval,-4.0,c047,-0.1871356964111328
16,eval,-4.0,c043,-1.1866817474365234
16,eval,-4.0,c003,-1.3749103546142578
16,eval,-4.0,c041,-0.9370975494384766
16,eval,-4.0,c008,0.0
16,eval,-4.0,c045,-1.3122625350952148
16,eval,-4.0,c011,-1.2499351501464844
16,eval,-4.0,c020,-1.687272071838379
16,eval,-4.0,c044,-1.9988079071044922
16,eval,-4.0,c016,1.52587890625e-05
16,eval,-4.0,c056,-0.047989845275878906
16,eval,-4.0,c025,0.06256389617919922
16,eval,-4.0,c029,-0.7499961853027344
16,eval,-4.0,c014,-1.8749704360961914
16,eval,-4.0,c002,-0.18747806549072266
16,eval,-4.0,c023,-0.4998607635498047
16,eval,-4.0,c046,-0.06144237518310547
16,eval,-4.0,c022,-0.749908447265625
16,eval,-4.0,c050,-0.5617160797119141
16,eval,-4.0,c006,-0.31227874755859375
16,eval,-4.0,c017,-0.5624675750732422
16,eval,-4.0,c039,0.06251144409179688
16,eval,-4.0,c036,-0.9373846054077148
16,eval,-4.0,c009,0.3125419616699219
16,eval,-4.0,c000,-0.49990272521972656
16,eval,-4.0,c013,-0.062335968017578125
16,eval,-4.0,c049,0.43749427795410156
16,eval,-4.0,c058,-0.3750019073486328
16,eval,-4.0,c024,-0.6871929168701172
16,eval,-4.0,c042,-0.8749790191650391
16,eval,-4.0,c047,-0.4372444152832031
16,eval,-4.0,c043,-1.0623178482055664
16,eval,-4.0,c003,-1.187479019165039
16,eval,-4.0,c041,-1.5624303817749023
16,eval,-4.0,c008,-0.25000762939453125
16,eval,-4.0,c045,-0.37486934661865234
16,eval,-4.0,c011,-1.2499980926513672
16,eval,-4.0,c020,-0.12496376037597656
16,eval,-4.0,c044,-0.8123579025268555
16,eval,-4.0,c016,-0.24997425079345703
16,eval,-4.0,c056,0.2521858215332031
16,eval,-4.0,c025,-0.7597599029541016
16,eval,-4.0,c029,0.6250057220458984
16,eval,-4.0,c014,-1.6249942779541016
16,eval,-4.0,c002,-0.5624589920043945
16,eval,-4.0,c023,-0.5624380111694336
16,eval,-4.0,c046,-0.9374771118164062
16,eval,-4.0,c022,-0.8750085830688477
16,eval,-4.0,c050,-0.687434196472168
16,deploy,4.0,c006,0.8748922348022461
16,deploy,4.0,c017,0.06252479553222656
16,deploy,4.0,c039,0.8123693466186523
16,deploy,4.0,c036,0.3752174377441406
16,deploy,4.0,c009,1.4374780654907227
16,deploy,4.0,c000,0.06250572204589844
16,deploy,4.0,c013,-0.062351226806640625
16,deploy,4.0,c049,1.3749980926513672
16,deploy,4.0,c058,1.3750038146972656
16,deploy,4.0,c024,1.187453269958496
16,deploy,4.0,c042,1.1874628067016602
16,deploy,4.0,c047,0.6249856948852539
16,deploy,4.0,c043,0.6874589920043945
16,deploy,4.0,c003,0.8749351501464844
16,deploy,4.0,c041,1.062448501586914
16,deploy,4.0,c008,0.7499837875366211
16,deploy,4.0,c045,0.6249876022338867
16,deploy,4.0,c011,0.3750171661376953
16,deploy,4.0,c020,-0.06324291229248047
16,deploy,4.0,c044,0.4376211166381836
16,deploy,4.0,c016,1.0000200271606445
16,deploy,4.0,c056,0.2502021789550781
16,deploy,4.0,c025,0.6250066757202148
16,deploy,4.0,c029,0.375
16,deploy,4.0,c014,0.4374847412109375
16,deploy,4.0,c002,0.6874895095825195
16,deploy,4.0,c023,0.9374828338623047
16,deploy,4.0,c046,0.43753910064697266
16,deploy,4.0,c022,0.062241554260253906
16,deploy,4.0,c050,-4.100799560546875e-05
16,deploy,4.0,c006,1.3123760223388672
16,deploy,4.0,c017,0.4375143051147461
16,deploy,4.0,c039,0.7499904632568359
16,deploy,4.0,c036,1.249953269958496
16,deploy,4.0,c009,0.9999980926513672
16,deploy,4.0,c000,-0.1248464584350586
16,deploy,4.0,c013,0.12491416931152344
16,deploy,4.0,c049,0.4999971389770508
16,deploy,4.0,c058,0.375
16,deploy,4.0,c024,0.37514400482177734
16,deploy,4.0,c042,1.374894142150879
16,deploy,4.0,c047,0.6250476837158203
16,deploy,4.0,c043,-0.18775272369384766
16,deploy,4.0,c003,1.1248359680175781
16,deploy,4.0,c041,1.3124761581420898
16,deploy,4.0,c008,0.06250381469726562
16,deploy,4.0,c045,-0.18755722045898438
16,deploy,4.0,c011,0.8124876022338867
16,deploy,4.0,c020,1.0624370574951172
16,deploy,4.0,c044,0.4999980926513672
16,deploy,4.0,c016,0.5624923706054688
16,deploy,4.0,c056,0.4999408721923828
16,deploy,4.0,c025,0.6874465942382812
16,deploy,4.0,c029,0.8125028610229492
16,deploy,4.0,c014,0.6249885559082031
16,deploy,4.0,c002,-0.06253337860107422
16,deploy,4.0,c023,0.5624160766601562
16,deploy,4.0,c046,0.5624904632568359
16,deploy,4.0,c022,0.18705368041992188
16,deploy,4.0,c050,-0.1874532699584961
18,eval,-4.0,c006,0.3098926544189453
18,eval,-4.0,c017,0.12496376037597656
18,eval,-4.0,c039,0.3749818801879883
18,eval,-4.0,c036,0.06179332733154297
18,eval,-4.0,c009,-0.06289291381835938
18,eval,-4.0,c000,0.1864452362060547
18,eval,-4.0,c013,0.7498064041137695
18,eval,-4.0,c049,0.31249427795410156
18,eval,-4.0,c058,0.6249961853027344
18,eval,-4.0,c024,0.3747825622558594
18,eval,-4.0,c042,-0.06254386901855469
18,eval,-4.0,c047,-0.1253957748413086
18,eval,-4.0,c043,-0.3133535385131836
18,eval,-4.0,c003,-0.12505054473876953
18,eval,-4.0,c041,0.12479209899902344
18,eval,-4.0,c008,0.3124980926513672
18,eval,-4.0,c045,0.5616140365600586
18,eval,-4.0,c011,-0.5000162124633789
18,eval,-4.0,c020,0.7500076293945312
18,eval,-4.0,c044,0.6850919723510742
18,eval,-4.0,c016,0.37494564056396484
18,eval,-4.0,c056,-0.02538585662841797
18,eval,-4.0,c025,0.4374427795410156
18,eval,-4.0,c029,0.7499933242797852
18,eval,-4.0,c014,0.3124980926513672
18,eval,-4.0,c002,0.5625076293945312
18,eval,-4.0,c023,0.31224536895751953
18,eval,-4.0,c046,0.8704929351806641
18,eval,-4.0,c022,-0.25039196014404297
18,eval,-4.0,c050,0.37458038330078125
18,eval,-4.0,c006,0.31060028076171875
18,eval,-4.0,c017,-0.12517547607421875
18,eval,-4.0,c039,0.624760627746582
18,eval,-4.0,c036,-0.0005006790161132812
18,eval,-4.0,c009,0.43674182891845703
18,eval,-4.0,c000,0.37459564208984375
18,eval,-4.0,c013,0.06242847442626953
18,eval,-4.0,c049,0.8124942779541016
18,eval,-4.0,c058,0.3749971389770508
18,eval,-4.0,c024,0.4996471405029297
18,eval,-4.0,c042,-1.430511474609375e-05
18,eval,-4.0,c047,-0.18759632110595703
18,eval,-4.0,c043,0.3114919662475586
18,eval,-4.0,c003,0.06247711181640625
18,eval,-4.0,c041,0.6248254776000977
18,eval,-4.0,c008,1.1874828338623047
18,eval,-4.0,c045,0.12482833862304688
18,eval,-4.0,c011,-0.2500190734863281
18,eval,-4.0,c020,0.06245994567871094
18,eval,-4.0,c044,-0.12501144409179688
18,eval,-4.0,c016,0.3123617172241211
18,eval,-4.0,c056,-0.07871246337890625
18,eval,-4.0,c025,-0.22681331634521484
18,eval,-4.0,c029,0.6249618530273438
18,eval,-4.0,c014,-0.18750953674316406
18,eval,-4.0,c002,0.24994564056396484
18,eval,-4.0,c023,-0.00030231475830078125
18,eval,-4.0,c046,0.6247453689575195
18,eval,-4.0,c022,-3.337860107421875e-05
18,eval,-4.0,c050,0.12496280670166016
18,deploy,4.0,c006,-0.18742752075195312
18,deploy,4.0,c017,-0.3749866485595703
18,deploy,4.0,c039,-0.4999980926513672
18,deploy,4.0,c036,-0.3746004104614258
18,deploy,4.0,c009,-0.31249523162841797
18,deploy,4.0,c000,-0.3749723434448242
18,deploy,4.0,c013,-0.4372138977050781
18,deploy,4.0,c049,-0.4999990463256836
18,deploy,4.0,c058,-0.1874990463256836
18,deploy,4.0,c024,-0.1874551773071289
18,deploy,4.0,c042,0.18750667572021484
18,deploy,4.0,c047,-0.3124837875366211
18,deploy,4.0,c043,-0.24999618530273438
18,deploy,4.0,c003,0.24998188018798828
18,deploy,4.0,c041,0.2500324249267578
18,deploy,4.0,c008,-0.5
18,deploy,4.0,c045,-0.4374980926513672
18,deploy,4.0,c011,-0.1874866485595703
18,deploy,4.0,c020,-0.24967193603515625
18,deploy,4.0,c044,-0.18697738647460938
18,deploy,4.0,c016,-0.4999990463256836
18,deploy,4.0,c056,-0.062300682067871094
18,deploy,4.0,c025,-0.31246280670166016
18,deploy,4.0,c029,-0.875
18,deploy,4.0,c014,-0.25000762939453125
18,deploy,4.0,c002,-0.31255340576171875
18,deploy,4.0,c023,0.18752574920654297
18,deploy,4.0,c046,-0.2498645782470703
18,deploy,4.0,c022,-0.18722248077392578
18,deploy,4.0,c050,-0.24999618530273438
18,deploy,4.0,c006,0.12522602081298828
18,deploy,4.0,c017,-0.562495231628418
18,deploy,4.0,c039,-0.3125
18,deploy,4.0,c036,-0.3124580383300781
18,deploy,4.0,c009,-9.5367431640625e-07
18,deploy,4.0,c000,-0.24982070922851562
18,deploy,4.0,c013,-0.2499704360961914
18,deploy,4.0,c049,-0.375
18,deploy,4.0,c058,-0.6875
18,deploy,4.0,c024,0.06340503692626953
18,deploy,4.0,c042,0.12495231628417969
18,deploy,4.0,c047,-0.12493133544921875
18,deploy,4.0,c043,0.000247955322265625
18,deploy,4.0,c003,0.0625762939453125
18,deploy,4.0,c041,0.18747520446777344
18,deploy,4.0,c008,-0.062496185302734375
18,deploy,4.0,c045,-0.31243419647216797
18,deploy,4.0,c011,-0.1875009536743164
18,deploy,4.0,c020,0.1875009536743164
18,deploy,4.0,c044,-0.06248950958251953
18,deploy,4.0,c016,-0.18749141693115234
18,deploy,4.0,c056,0.18750762939453125
18,deploy,4.0,c025,1.33514404296875e-05
18,deploy,4.0,c029,-0.18749618530273438
18,deploy,4.0,c014,-0.1874866485595703
18,deploy,4.0,c002,-0.4999418258666992
18,deploy,4.0,c023,-0.3124971389770508
18,deploy,4.0,c046,-0.2499399185180664
18,deploy,4.0,c022,-0.6868925094604492
18,deploy,4.0,c050,9.5367431640625e-07
20,eval,-4.0,c006,0.10270977020263672
20,eval,-4.0,c017,-0.2516031265258789
20,eval,-4.0,c039,0.6248540878295898
20,eval,-4.0,c036,-0.06693363189697266
20,eval,-4.0,c009,0.31128978729248047
20,eval,-4.0,c000,-0.26114559173583984
20,eval,-4.0,c013,0.4336719512939453
20,eval,-4.0,c049,-0.1875171661376953
20,eval,-4.0,c058,0.12497425079345703
20,eval,-4.0,c024,0.12203121185302734
20,eval,-4.0,c042,-0.31358814239501953
20,eval,-4.0,c047,-0.19784832000732422
20,eval,-4.0,c043,0.04166603088378906
20,eval,-4.0,c003,-0.1270751953125
20,eval,-4.0,c041,-0.3839855194091797
20,eval,-4.0,c008,0.8749961853027344
20,eval,-4.0,c045,-0.12825679779052734
20,eval,-4.0,c011,-0.565312385559082
20,eval,-4.0,c020,-0.2513151168823242
20,eval,-4.0,c044,-0.5847892761230469
20,eval,-4.0,c016,0.06163311004638672
20,eval,-4.0,c056,0.21561908721923828
20,eval,-4.0,c025,0.36576175689697266
20,eval,-4.0,c029,0.5624666213989258
20,eval,-4.0,c014,0.12465095520019531
20,eval,-4.0,c002,0.4997386932373047
20,eval,-4.0,c023,-0.2521553039550781
20,eval,-4.0,c046,0.28981494903564453
20,eval,-4.0,c022,-0.3184652328491211
20,eval,-4.0,c050,-0.042144775390625
20,eval,-4.0,c006,0.28114891052246094
20,eval,-4.0,c017,0.06056022644042969
20,eval,-4.0,c039,0.24929141998291016
20,eval,-4.0,c036,-0.1331329345703125
20,eval,-4.0,c009,0.5612249374389648
20,eval,-4.0,c000,-0.12753009796142578
20,eval,-4.0,c013,-0.12897777557373047
20,eval,-4.0,c049,0.6874904632568359
20,eval,-4.0,c058,0.062499046325683594
20,eval,-4.0,c024,-0.008907318115234375
20,eval,-4.0,c042,-0.31526947021484375
20,eval,-4.0,c047,-0.09462738037109375
20,eval,-4.0,c043,-0.3829841613769531
20,eval,-4.0,c003,0.18655681610107422
20,eval,-4.0,c041,0.43114471435546875
20,eval,-4.0,c008,0.8123655319213867
20,eval,-4.0,c045,-0.43981075286865234
20,eval,-4.0,c011,-0.18805217742919922
20,eval,-4.0,c020,-0.00066375732421875
20,eval,-4.0,c044,-0.25726318359375
20,eval,-4.0,c016,0.4353046417236328
20,eval,-4.0,c056,0.07548999786376953
20,eval,-4.0,c025,-0.061547279357910156
20,eval,-4.0,c029,-0.2500591278076172
20,eval,-4.0,c014,-0.6878681182861328
20,eval,-4.0,c002,-0.12547779083251953
20,eval,-4.0,c023,-0.004017829895019531
20,eval,-4.0,c046,0.6830873489379883
20,eval,-4.0,c022,0.3747549057006836
20,eval,-4.0,c050,-0.064178466796875
20,deploy,4.0,c006,-0.3749198913574219
20,deploy,4.0,c017,-0.1874866485595703
20,deploy,4.0,c039,-0.24999237060546875
20,deploy,4.0,c036,-0.31209754943847656
20,deploy,4.0,c009,-0.062493324279785156
20,deploy,4.0,c000,-0.5624732971191406
20,deploy,4.0,c013,0.06281566619873047
20,deploy,4.0,c049,-0.1875
20,deploy,4.0,c058,0.0625
20,deploy,4.0,c024,-0.4999666213989258
20,deploy,4.0,c042,0.12500667572021484
20,deploy,4.0,c047,-0.24998092651367188
20,deploy,4.0,c043,-0.24998760223388672
20,deploy,4.0,c003,-0.06254386901855469
20,deploy,4.0,c041,-0.18747615814208984
20,deploy,4.0,c008,-0.5624961853027344
20,deploy,4.0,c045,0.0625
20,deploy,4.0,c011,0.12501811981201172
20,deploy,4.0,c020,0.12549304962158203
20,deploy,4.0,c044,-0.06198692321777344
20,deploy,4.0,c016,-0.562495231628418
20,deploy,4.0,c056,-0.1248178482055664
20,deploy,4.0,c025,-0.24999332427978516
20,deploy,4.0,c029,-0.6249980926513672
20,deploy,4.0,c014,0.2499990463256836
20,deploy,4.0,c002,-3.4332275390625e-05
20,deploy,4.0,c023,0.06251811981201172
20,deploy,4.0,c046,-0.18741607666015625
20,deploy,4.0,c022,-0.3121986389160156
20,deploy,4.0,c050,0.25002479553222656
20,deploy,4.0,c006,-0.3121776580810547
20,deploy,4.0,c017,-0.3124856948852539
20,deploy,4.0,c039,-0.25000667572021484
20,deploy,4.0,c036,-0.8124561309814453
20,deploy,4.0,c009,0.1249990463256836
20,deploy,4.0,c000,-0.31229591369628906
20,deploy,4.0,c013,0.25006961822509766
20,deploy,4.0,c049,0.0
20,deploy,4.0,c058,-0.5625009536743164
20,deploy,4.0,c024,-0.18651580810546875
20,deploy,4.0,c042,-0.1875324249267578
20,deploy,4.0,c047,-0.12494087219238281
20,deploy,4.0,c043,0.3126688003540039
20,deploy,4.0,c003,-0.3124513626098633
20,deploy,4.0,c041,0.1249847412109375
20,deploy,4.0,c008,-0.24999427795410156
20,deploy,4.0,c045,0.0
20,deploy,4.0,c011,-0.0625009536743164
20,deploy,4.0,c020,0.12498283386230469
20,deploy,4.0,c044,-0.4999961853027344
20,deploy,4.0,c016,-0.24999141693115234
20,deploy,4.0,c056,0.18750762939453125
20,deploy,4.0,c025,-0.5000038146972656
20,deploy,4.0,c029,-0.5624980926513672
20,deploy,4.0,c014,-0.18748092651367188
20,deploy,4.0,c002,-0.06243610382080078
20,deploy,4.0,c023,-0.3125028610229492
20,deploy,4.0,c046,0.06258106231689453
20,deploy,4.0,c022,-0.3117074966430664
20,deploy,4.0,c050,0.0
22,eval,-4.0,c006,-0.06328010559082031
22,eval,-4.0,c017,-0.6879453659057617
22,eval,-4.0,c039,0.062439918518066406
22,eval,-4.0,c036,-0.12799644470214844
22,eval,-4.0,c009,0.24889755249023438
22,eval,-4.0,c000,-0.4418325424194336
22,eval,-4.0,c013,-1.4378604888916016
22,eval,-4.0,c049,-0.5625104904174805
22,eval,-4.0,c058,-0.25002384185791016
22,eval,-4.0,c024,0.18696975708007812
22,eval,-4.0,c042,-0.43804931640625
22,eval,-4.0,c047,-0.19023704528808594
22,eval,-4.0,c043,-0.25107669830322266
22,eval,-4.0,c003,-0.4380149841308594
22,eval,-4.0,c041,-0.5641231536865234
22,eval,-4.0,c008,0.7499942779541016
22,eval,-4.0,c045,-1.0633611679077148
22,eval,-4.0,c011,-0.8131265640258789
22,eval,-4.0,c020,-1.4377145767211914
22,eval,-4.0,c044,-1.8138256072998047
22,eval,-4.0,c016,-0.0003757476806640625
22,eval,-4.0,c056,0.015300750732421875
22,eval,-4.0,c025,0.3735370635986328
22,eval,-4.0,c029,0.562342643737793
22,eval,-4.0,c014,-0.00014400482177734375
22,eval,-4.0,c002,0.18725299835205078
22,eval,-4.0,c023,-0.25017452239990234
22,eval,-4.0,c046,0.1699199676513672
22,eval,-4.0,c022,-0.5629253387451172
22,eval,-4.0,c050,0.0048389434814453125
22,eval,-4.0,c006,0.1222991943359375
22,eval,-4.0,c017,-0.6261196136474609
22,eval,-4.0,c039,0.4372091293334961
22,eval,-4.0,c036,-0.5014772415161133
22,eval,-4.0,c009,0.6237154006958008
22,eval,-4.0,c000,-0.31067848205566406
22,eval,-4.0,c013,-0.6262092590332031
22,eval,-4.0,c049,1.1250057220458984
22,eval,-4.0,c058,-0.2500009536743164
22,eval,-4.0,c024,-0.2512178421020508
22,eval,-4.0,c042,-0.4380970001220703
22,eval,-4.0,c047,-0.12913227081298828
22,eval,-4.0,c043,-0.6268577575683594
22,eval,-4.0,c003,-0.0006160736083984375
22,eval,-4.0,c041,0.4986257553100586
22,eval,-4.0,c008,0.5623311996459961
22,eval,-4.0,c045,-0.31333255767822266
22,eval,-4.0,c011,-0.0628194808959961
22,eval,-4.0,c020,-0.25042247772216797
22,eval,-4.0,c044,-0.501068115234375
22,eval,-4.0,c016,-0.12575817108154297
22,eval,-4.0,c056,-0.03375053405761719
22,eval,-4.0,c025,-1.1772289276123047
22,eval,-4.0,c029,0.1873760223388672
22,eval,-4.0,c014,-0.8751058578491211
22,eval,-4.0,c002,-0.2505607604980469
22,eval,-4.0,c023,-0.2505159378051758
22,eval,-4.0,c046,0.8739957809448242
22,eval,-4.0,c022,0.37471675872802734
22,eval,-4.0,c050,0.06211090087890625
22,deploy,4.0,c006,-0.12492942810058594
22,deploy,4.0,c017,0.8125162124633789
22,deploy,4.0,c039,0.562565803527832
22,deploy,4.0,c036,0.3754005432128906
22,deploy,4.0,c009,-0.18749046325683594
22,deploy,4.0,c000,0.12503814697265625
22,deploy,4.0,c013,0.4377889633178711
22,deploy,4.0,c049,0.2500114440917969
22,deploy,4.0,c058,0.9375066757202148
22,deploy,4.0,c024,-0.1874704360961914
22,deploy,4.0,c042,0.25
22,deploy,4.0,c047,0.31252574920654297
22,deploy,4.0,c043,-0.06249523162841797
22,deploy,4.0,c003,0.3749675750732422
22,deploy,4.0,c041,0.12499809265136719
22,deploy,4.0,c008,0.8125
22,deploy,4.0,c045,0.18749332427978516
22,deploy,4.0,c011,0.5625123977661133
22,deploy,4.0,c020,0.4379873275756836
22,deploy,4.0,c044,0.3755016326904297
22,deploy,4.0,c016,0.125
22,deploy,4.0,c056,0.1876659393310547
22,deploy,4.0,c025,0.37500667572021484
22,deploy,4.0,c029,0.06250381469726562
22,deploy,4.0,c014,0.4999971389770508
22,deploy,4.0,c002,0.2500038146972656
22,deploy,4.0,c023,0.5625057220458984
22,deploy,4.0,c046,0.25015735626220703
22,deploy,4.0,c022,0.2503395080566406
22,deploy,4.0,c050,0.6250076293945312
22,deploy,4.0,c006,0.00026798248291015625
22,deploy,4.0,c017,0.3125162124633789
22,deploy,4.0,c039,0.18753433227539062
22,deploy,4.0,c036,-0.3749570846557617
22,deploy,4.0,c009,0.7500019073486328
22,deploy,4.0,c000,0.25019168853759766
22,deploy,4.0,c013,0.6250410079956055
22,deploy,4.0,c049,5.7220458984375e-06
22,deploy,4.0,c058,0.18750476837158203
22,deploy,4.0,c024,0.6885299682617188
22,deploy,4.0,c042,0.18747997283935547
22,deploy,4.0,c047,0.31258296966552734
22,deploy,4.0,c043,0.4376182556152344
22,deploy,4.0,c003,-0.06243896484375
22,deploy,4.0,c041,0.6249923706054688
22,deploy,4.0,c008,0.25
22,deploy,4.0,c045,0.24999427795410156
22,deploy,4.0,c011,0.8125
22,deploy,4.0,c020,0.6875743865966797
22,deploy,4.0,c044,0.5625095367431641
22,deploy,4.0,c016,0.37500476837158203
22,deploy,4.0,c056,0.6875190734863281
22,deploy,4.0,c025,0.18754100799560547
22,deploy,4.0,c029,0.6875019073486328
22,deploy,4.0,c014,0.06250476837158203
22,deploy,4.0,c002,0.5000715255737305
22,deploy,4.0,c023,0.31247711181640625
22,deploy,4.0,c046,1.0000839233398438
22,deploy,4.0,c022,0.12572956085205078
22,deploy,4.0,c050,0.4375295639038086
24,eval,-4.0,c006,-0.2486257553100586
24,eval,-4.0,c017,-0.43769073486328125
24,eval,-4.0,c039,2.193450927734375e-05
24,eval,-4.0,c036,0.0006437301635742188
24,eval,-4.0,c009,0.18721961975097656
24,eval,-4.0,c000,-0.3099861145019531
24,eval,-4.0,c013,-1.0626029968261719
24,eval,-4.0,c049,-0.5000038146972656
24,eval,-4.0,c058,-0.18750286102294922
24,eval,-4.0,c024,-0.0627584457397461
24,eval,-4.0,c042,-0.6875896453857422
24,eval,-4.0,c047,-0.1265268325805664
24,eval,-4.0,c043,-0.37444019317626953
24,eval,-4.0,c003,-0.3751401901245117
24,eval,-4.0,c041,-0.3766059875488281
24,eval,-4.0,c008,0.1874980926513672
24,eval,-4.0,c045,-0.6252202987670898
24,eval,-4.0,c011,-0.687617301940918
24,eval,-4.0,c020,-0.5625190734863281
24,eval,-4.0,c044,-1.438368797302246
24,eval,-4.0,c016,-0.2500581741333008
24,eval,-4.0,c056,-0.03396129608154297
24,eval,-4.0,c025,0.12520503997802734
24,eval,-4.0,c029,0.49999046325683594
24,eval,-4.0,c014,-0.2500123977661133
24,eval,-4.0,c002,-0.06252479553222656
24,eval,-4.0,c023,-0.24966144561767578
24,eval,-4.0,c046,0.1793365478515625
24,eval,-4.0,c022,-0.6875181198120117
24,eval,-4.0,c050,-0.06140327453613281
24,eval,-4.0,c006,-0.3141365051269531
24,eval,-4.0,c017,-0.18766498565673828
24,eval,-4.0,c039,0.18765830993652344
24,eval,-4.0,c036,-0.3126258850097656
24,eval,-4.0,c009,0.37506961822509766
24,eval,-4.0,c000,-0.24929237365722656
24,eval,-4.0,c013,-0.37505626678466797
24,eval,-4.0,c049,0.5624971389770508
24,eval,-4.0,c058,-0.125
24,eval,-4.0,c024,-0.12546443939208984
24,eval,-4.0,c042,-0.4376058578491211
24,eval,-4.0,c047,-0.18840599060058594
24,eval,-4.0,c043,-0.12572097778320312
24,eval,-4.0,c003,-0.0625762939453125
24,eval,-4.0,c041,0.4369230270385742
24,eval,-4.0,c008,0.43745994567871094
24,eval,-4.0,c045,-0.5001554489135742
24,eval,-4.0,c011,-0.18757057189941406
24,eval,-4.0,c020,-0.06256961822509766
24,eval,-4.0,c044,-0.6878185272216797
24,eval,-4.0,c016,-0.1878070831298828
24,eval,-4.0,c056,-0.1758899688720703
24,eval,-4.0,c025,-0.5372629165649414
24,eval,-4.0,c029,-0.12502384185791016
24,eval,-4.0,c014,-0.6875267028808594
24,eval,-4.0,c002,-0.25023460388183594
24,eval,-4.0,c023,-0.00032901763916015625
24,eval,-4.0,c046,0.37476444244384766
24,eval,-4.0,c022,0.24994850158691406
24,eval,-4.0,c050,-0.18749713897705078
24,deploy,4.0,c006,-8.678436279296875e-05
24,deploy,4.0,c017,0.49999046325683594
24,deploy,4.0,c039,0.00014495849609375
24,deploy,4.0,c036,0.06279182434082031
24,deploy,4.0,c009,-0.12497901916503906
24,deploy,4.0,c000,-0.06247234344482422
24,deploy,4.0,c013,0.3125724792480469
24,deploy,4.0,c049,0.18750762939453125
24,deploy,4.0,c058,-0.3749847412109375
24,deploy,4.0,c024,0.1250600814819336
24,deploy,4.0,c042,0.18747520446777344
24,deploy,4.0,c047,0.125
24,deploy,4.0,c043,0.18749332427978516
24,deploy,4.0,c003,0.5000391006469727
24,deploy,4.0,c041,-8.58306884765625e-06
24,deploy,4.0,c008,0.2500019073486328
24,deploy,4.0,c045,0.2500286102294922
24,deploy,4.0,c011,0.3749990463256836
24,deploy,4.0,c020,0.31284236907958984
24,deploy,4.0,c044,0.5003013610839844
24,deploy,4.0,c016,0.12499618530273438
24,deploy,4.0,c056,0.06262874603271484
24,deploy,4.0,c025,-0.24999618530273438
24,deploy,4.0,c029,0.0625
24,deploy,4.0,c014,0.3124704360961914
24,deploy,4.0,c002,-0.12507057189941406
24,deploy,4.0,c023,0.12502193450927734
24,deploy,4.0,c046,0.12512683868408203
24,deploy,4.0,c022,0.06284713745117188
24,deploy,4.0,c050,0.3749866485595703
24,deploy,4.0,c006,0.12501907348632812
24,deploy,4.0,c017,0.3124809265136719
24,deploy,4.0,c039,-0.06250476837158203
24,deploy,4.0,c036,-0.06245136260986328
24,deploy,4.0,c009,0.2500190734863281
24,deploy,4.0,c000,0.18771934509277344
24,deploy,4.0,c013,0.312408447265625
24,deploy,4.0,c049,-0.4999818801879883
24,deploy,4.0,c058,-0.2499990463256836
24,deploy,4.0,c024,0.00080108642578125
24,deploy,4.0,c042,0.6874713897705078
24,deploy,4.0,c047,9.632110595703125e-05
24,deploy,4.0,c043,0.6875162124633789
24,deploy,4.0,c003,0.18743896484375
24,deploy,4.0,c041,0.6249790191650391
24,deploy,4.0,c008,0.0625
24,deploy,4.0,c045,0.3750619888305664
24,deploy,4.0,c011,0.37499141693115234
24,deploy,4.0,c020,0.5000629425048828
24,deploy,4.0,c044,0.12500381469726562
24,deploy,4.0,c016,0.06246662139892578
24,deploy,4.0,c056,0.125
24,deploy,4.0,c025,0.06247711181640625
24,deploy,4.0,c029,0.24999713897705078
24,deploy,4.0,c014,0.31250667572021484
24,deploy,4.0,c002,0.12493419647216797
24,deploy,4.0,c023,0.24998855590820312
24,deploy,4.0,c046,0.37500953674316406
24,deploy,4.0,c022,0.00051116943359375
24,deploy,4.0,c050,0.25003528594970703
26,eval,-4.0,c006,-0.441131591796875
26,eval,-4.0,c017,-0.8756904602050781
26,eval,-4.0,c039,-0.06247520446777344
26,eval,-4.0,c036,-0.06479740142822266
26,eval,-4.0,c009,-0.18794822692871094
26,eval,-4.0,c000,-0.6940479278564453
26,eval,-4.0,c013,-1.8775367736816406
26,eval,-4.0,c049,-0.8125181198120117
26,eval,-4.0,c058,-0.3125123977661133
26,eval,-4.0,c024,-0.000804901123046875
26,eval,-4.0,c042,-0.7505254745483398
26,eval,-4.0,c047,-0.12820720672607422
26,eval,-4.0,c043,-0.3789949417114258
26,eval,-4.0,c003,-0.5002679824829102
26,eval,-4.0,c041,-0.5649433135986328
26,eval,-4.0,c008,0.5000019073486328
26,eval,-4.0,c045,-1.0653276443481445
26,eval,-4.0,c011,-0.7507667541503906
26,eval,-4.0,c020,-1.3765926361083984
26,eval,-4.0,c044,-2.1362428665161133
26,eval,-4.0,c016,-0.3752145767211914
26,eval,-4.0,c056,-0.07960700988769531
26,eval,-4.0,c025,0.31253719329833984
26,eval,-4.0,c029,2.193450927734375e-05
26,eval,-4.0,c014,-0.06267547607421875
26,eval,-4.0,c002,-5.91278076171875e-05
26,eval,-4.0,c023,-0.4392385482788086
26,eval,-4.0,c046,0.18235015869140625
26,eval,-4.0,c022,-0.8142862319946289
26,eval,-4.0,c050,0.05946922302246094
26,eval,-4.0,c006,-0.4425630569458008
26,eval,-4.0,c017,-0.7509860992431641
26,eval,-4.0,c039,0.2502422332763672
26,eval,-4.0,c036,-0.5647726058959961
26,eval,-4.0,c009,0.43702030181884766
26,eval,-4.0,c000,-0.5015668869018555
26,eval,-4.0,c013,-0.43852806091308594
26,eval,-4.0,c049,1.0000581741333008
26,eval,-4.0,c058,-0.18749141693115234
26,eval,-4.0,c024,-0.12656593322753906
26,eval,-4.0,c042,-0.5628128051757812
26,eval,-4.0,c047,-0.001789093017578125
26,eval,-4.0,c043,-0.5021476745605469
26,eval,-4.0,c003,-0.00020313262939453125
26,eval,-4.0,c041,0.06219291687011719
26,eval,-4.0,c008,0.3749504089355469
26,eval,-4.0,c045,-0.6883020401000977
26,eval,-4.0,c011,-0.06275749206542969
26,eval,-4.0,c020,-0.5004501342773438
26,eval,-4.0,c044,-0.7511043548583984
26,eval,-4.0,c016,-0.5629720687866211
26,eval,-4.0,c056,-0.3217191696166992
26,eval,-4.0,c025,-1.0478572845458984
26,eval,-4.0,c029,-0.2500648498535156
26,eval,-4.0,c014,-0.7500457763671875
26,eval,-4.0,c002,-0.25046730041503906
26,eval,-4.0,c023,-0.2511768341064453
26,eval,-4.0,c046,0.3120994567871094
26,eval,-4.0,c022,-0.0001468658447265625
26,eval,-4.0,c050,-0.5002593994140625
26,deploy,4.0,c006,-0.5624399185180664
26,deploy,4.0,c017,-0.062485694885253906
26,deploy,4.0,c039,-0.8125019073486328
26,deploy,4.0,c036,-0.24965953826904297
26,deploy,4.0,c009,-0.8750019073486328
26,deploy,4.0,c000,-0.3124818801879883
26,deploy,4.0,c013,0.06278610229492188
26,deploy,4.0,c049,-1.0625
26,deploy,4.0,c058,-0.8125
26,deploy,4.0,c024,-0.9999666213989258
26,deploy,4.0,c042,-0.1874980926513672
26,deploy,4.0,c047,-0.3124847412109375
26,deploy,4.0,c043,-0.5624971389770508
26,deploy,4.0,c003,-0.3125495910644531
26,deploy,4.0,c041,-0.37499332427978516
26,deploy,4.0,c008,-0.125
26,deploy,4.0,c045,-0.31250476837158203
26,deploy,4.0,c011,0.06251811981201172
26,deploy,4.0,c020,0.1253490447998047
26,deploy,4.0,c044,-0.24953460693359375
26,deploy,4.0,c016,-0.5624961853027344
26,deploy,4.0,c056,-0.5623245239257812
26,deploy,4.0,c025,-0.7500028610229492
26,deploy,4.0,c029,-0.875
26,deploy,4.0,c014,-2.86102294921875e-06
26,deploy,4.0,c002,-0.1875448226928711
26,deploy,4.0,c023,-0.31249523162841797
26,deploy,4.0,c046,-0.24993228912353516
26,deploy,4.0,c022,-0.24973678588867188
26,deploy,4.0,c050,0.1875152587890625
26,deploy,4.0,c006,-0.6872434616088867
26,deploy,4.0,c017,-0.18748760223388672
26,deploy,4.0,c039,-0.3125171661376953
26,deploy,4.0,c036,-0.8749608993530273
26,deploy,4.0,c009,-0.2500028610229492
26,deploy,4.0,c000,0.12518882751464844
26,deploy,4.0,c013,0.43755435943603516
26,deploy,4.0,c049,-1.4375009536743164
26,deploy,4.0,c058,-0.6875
26,deploy,4.0,c024,-0.4991006851196289
26,deploy,4.0,c042,-0.37503623962402344
26,deploy,4.0,c047,-0.4374504089355469
26,deploy,4.0,c043,0.37511634826660156
26,deploy,4.0,c003,-0.8749570846557617
26,deploy,4.0,c041,-0.2500295639038086
26,deploy,4.0,c008,-0.3749980926513672
26,deploy,4.0,c045,0.24999332427978516
26,deploy,4.0,c011,-0.5625038146972656
26,deploy,4.0,c020,-2.6702880859375e-05
26,deploy,4.0,c044,-0.5624971389770508
26,deploy,4.0,c016,0.18750476837158203
26,deploy,4.0,c056,-0.31250572204589844
26,deploy,4.0,c025,-0.687504768371582
26,deploy,4.0,c029,-0.6249990463256836
26,deploy,4.0,c014,-0.31248950958251953
26,deploy,4.0,c002,0.25005245208740234
26,deploy,4.0,c023,-0.6875181198120117
26,deploy,4.0,c046,0.06255912780761719
26,deploy,4.0,c022,-0.12432670593261719
26,deploy,4.0,c050,-0.062499046325683594
27,eval,-4.0,c006,0.058849334716796875
27,eval,-4.0,c017,-0.12529563903808594
27,eval,-4.0,c039,-0.06246185302734375
27,eval,-4.0,c036,-0.0643777847290039
27,eval,-4.0,c009,0.06185626983642578
27,eval,-4.0,c000,-0.25324344635009766
27,eval,-4.0,c013,-0.6906414031982422
27,eval,-4.0,c049,-0.2500190734863281
27,eval,-4.0,c058,0.12498283386230469
27,eval,-4.0,c024,-0.06261920928955078
27,eval,-4.0,c042,-0.2504110336303711
27,eval,-4.0,c047,-0.06577587127685547
27,eval,-4.0,c043,-0.18933486938476562
27,eval,-4.0,c003,-0.06279373168945312
27,eval,-4.0,c041,-0.25200748443603516
27,eval,-4.0,c008,0.062493324279785156
27,eval,-4.0,c045,-0.25269508361816406
27,eval,-4.0,c011,-0.1881732940673828
27,eval,-4.0,c020,-0.3149385452270508
27,eval,-4.0,c044,-0.6360969543457031
27,eval,-4.0,c016,0.062188148498535156
27,eval,-4.0,c056,0.06367874145507812
27,eval,-4.0,c025,9.250640869140625e-05
27,eval,-4.0,c029,0.18750476837158203
27,eval,-4.0,c014,0.062392234802246094
27,eval,-4.0,c002,-6.771087646484375e-05
27,eval,-4.0,c023,0.060202598571777344
27,eval,-4.0,c046,0.1838083267211914
27,eval,-4.0,c022,-0.06334686279296875
27,eval,-4.0,c050,-0.06723690032958984
27,eval,-4.0,c006,-0.06623172760009766
27,eval,-4.0,c017,-0.31310558319091797
27,eval,-4.0,c039,0.06334209442138672
27,eval,-4.0,c036,-0.12677478790283203
27,eval,-4.0,c009,0.06216621398925781
27,eval,-4.0,c000,-0.1257171630859375
27,eval,-4.0,c013,0.061379432678222656
27,eval,-4.0,c049,0.18756580352783203
27,eval,-4.0,c058,1.9073486328125e-05
27,eval,-4.0,c024,-0.06380271911621094
27,eval,-4.0,c042,-0.12523651123046875
27,eval,-4.0,c047,-0.06329059600830078
27,eval,-4.0,c043,-0.188568115234375
27,eval,-4.0,c003,-0.12504863739013672
27,eval,-4.0,c041,0.12445640563964844
27,eval,-4.0,c008,0.2500572204589844
27,eval,-4.0,c045,-0.18802356719970703
27,eval,-4.0,c011,-0.06259727478027344
27,eval,-4.0,c020,-0.06279182434082031
27,eval,-4.0,c044,-0.18808937072753906
27,eval,-4.0,c016,-0.12532806396484375
27,eval,-4.0,c056,-0.010649681091308594
27,eval,-4.0,c025,-0.23621177673339844
27,eval,-4.0,c029,-6.67572021484375e-05
27,eval,-4.0,c014,-0.18756866455078125
27,eval,-4.0,c002,-0.0629129409790039
27,eval,-4.0,c023,-0.1253986358642578
27,eval,-4.0,c046,0.062287330627441406
27,eval,-4.0,c022,0.06249523162841797
27,eval,-4.0,c050,0.06204795837402344
27,deploy,4.0,c006,0.37504005432128906
27,deploy,4.0,c017,0.18750762939453125
27,deploy,4.0,c039,0.5625123977661133
27,deploy,4.0,c036,0.0627584457397461
27,deploy,4.0,c009,0.7500009536743164
27,deploy,4.0,c000,0.18751144409179688
27,deploy,4.0,c013,-0.06230735778808594
27,deploy,4.0,c049,1.0
27,deploy,4.0,c058,0.625
27,deploy,4.0,c024,0.5625190734863281
27,deploy,4.0,c042,0.2500019073486328
27,deploy,4.0,c047,0.1875143051147461
27,deploy,4.0,c043,0.37500762939453125
27,deploy,4.0,c003,0.4999685287475586
27,deploy,4.0,c041,0.3125038146972656
27,deploy,4.0,c008,0.4999990463256836
27,deploy,4.0,c045,0.18749618530273438
27,deploy,4.0,c011,0.06250953674316406
27,deploy,4.0,c020,0.1253366470336914
27,deploy,4.0,c044,0.25032901763916016
27,deploy,4.0,c016,0.3125
27,deploy,4.0,c056,0.06261157989501953
27,deploy,4.0,c025,0.3749980926513672
27,deploy,4.0,c029,0.5624990463256836
27,deploy,4.0,c014,0.2499990463256836
27,deploy,4.0,c002,0.24995803833007812
27,deploy,4.0,c023,0.43750476837158203
27,deploy,4.0,c046,0.06257820129394531
27,deploy,4.0,c022,0.06270408630371094
27,deploy,4.0,c050,0.12500953674316406
27,deploy,4.0,c006,0.25023937225341797
27,deploy,4.0,c017,0.18750572204589844
27,deploy,4.0,c039,0.43748950958251953
27,deploy,4.0,c036,0.4375276565551758
27,deploy,4.0,c009,0.7499961853027344
27,deploy,4.0,c000,-0.062374114990234375
27,deploy,4.0,c013,0.12502765655517578
27,deploy,4.0,c049,0.8749971389770508
27,deploy,4.0,c058,0.3749971389770508
27,deploy,4.0,c024,0.18819904327392578
27,deploy,4.0,c042,0.5624790191650391
27,deploy,4.0,c047,0.2500324249267578
27,deploy,4.0,c043,0.0001316070556640625
27,deploy,4.0,c003,0.4375276565551758
27,deploy,4.0,c041,0.6249809265136719
27,deploy,4.0,c008,0.3125
27,deploy,4.0,c045,0.06250190734863281
27,deploy,4.0,c011,0.3124971389770508
27,deploy,4.0,c020,0.18749427795410156
27,deploy,4.0,c044,0.3125038146972656
27,deploy,4.0,c016,0.1875009536743164
27,deploy,4.0,c056,0.4374866485595703
27,deploy,4.0,c025,0.25000476837158203
27,deploy,4.0,c029,0.4999990463256836
27,deploy,4.0,c014,0.3125038146972656
27,deploy,4.0,c002,3.814697265625e-05
27,deploy,4.0,c023,0.31249046325683594
27,deploy,4.0,c046,0.18756675720214844
27,deploy,4.0,c022,0.18795108795166016
27,deploy,4.0,c050,0.062499046325683594
