layer,region,source,content_id,pair,delta,a,b
8,full,paired,c000,0,-0.9993686676025391,108,0
8,readout,paired,c000,0,-0.9993000030517578,46,0
8,task,paired,c000,0,-0.49985694885253906,108,46
8,full,sameclass,c000,0,-0.374786376953125,109,0
8,readout,sameclass,c000,0,-0.37485313415527344,46,0
8,task,sameclass,c000,0,-0.12493896484375,109,46
8,full,unpaired,c000,0,-0.6246738433837891,79,0
8,readout,unpaired,c000,0,-0.6245174407958984,46,0
8,task,unpaired,c000,0,3.814697265625e-05,79,46
8,full,unpaired_eval,c000,0,-0.124603271484375,79,0
8,readout,unpaired_eval,c000,0,0.0002593994140625,46,0
8,task,unpaired_eval,c000,0,0.0001468658447265625,79,46
10,full,paired,c000,0,-1.499237060546875,108,0
10,readout,paired,c000,0,-1.6244430541992188,46,0
10,task,paired,c000,0,-0.24996566772460938,108,46
10,full,sameclass,c000,0,-0.49970054626464844,109,0
10,readout,sameclass,c000,0,-0.3748817443847656,46,0
10,task,sameclass,c000,0,-0.12482261657714844,109,46
10,full,unpaired,c000,0,-0.7498550415039062,79,0
10,readout,unpaired,c000,0,-0.7497653961181641,46,0
10,task,unpaired,c000,0,4.1961669921875e-05,79,46
10,full,unpaired_eval,c000,0,-4.00543212890625e-05,79,0
10,readout,unpaired_eval,c000,0,8.20159912109375e-05,46,0
10,task,unpaired_eval,c000,0,-7.2479248046875e-05,79,46
16,full,paired,c000,0,-2.748798370361328,108,0
16,readout,paired,c000,0,-2.4992923736572266,46,0
16,task,paired,c000,0,0.0002536773681640625,108,46
16,full,sameclass,c000,0,-0.8747901916503906,109,0
16,readout,sameclass,c000,0,-0.8747329711914062,46,0
16,task,sameclass,c000,0,3.0517578125e-05,109,46
16,full,unpaired,c000,0,-0.8748760223388672,79,0
16,readout,unpaired,c000,0,-0.7499141693115234,46,0
16,task,unpaired,c000,0,-5.7220458984375e-06,79,46
16,full,unpaired_eval,c000,0,-0.12514305114746094,79,0
16,readout,unpaired_eval,c000,0,-0.25003814697265625,46,0
16,task,unpaired_eval,c000,0,-9.5367431640625e-05,79,46
8,full,paired,c002,1,-0.3748760223388672,102,0
8,readout,paired,c002,1,-0.49987030029296875,46,0
8,task,paired,c002,1,1.33514404296875e-05,102,46
8,full,sameclass,c002,1,-0.8748493194580078,102,0
8,readout,sameclass,c002,1,-0.6247444152832031,46,0
8,task,sameclass,c002,1,-0.25002479553222656,102,46
8,full,unpaired,c002,1,-0.7493877410888672,79,0
8,readout,unpaired,c002,1,-0.6246738433837891,46,0
8,task,unpaired,c002,1,-0.3749275207519531,79,46
8,full,unpaired_eval,c002,1,-0.4998664855957031,79,0
8,readout,unpaired_eval,c002,1,-0.24999618530273438,46,0
8,task,unpaired_eval,c002,1,-0.12499237060546875,79,46
10,full,paired,c002,1,-0.624847412109375,102,0
10,readout,paired,c002,1,-0.8748073577880859,46,0
10,task,paired,c002,1,5.7220458984375e-05,102,46
10,full,sameclass,c002,1,-0.8747444152832031,102,0
10,readout,sameclass,c002,1,-0.8747310638427734,46,0
10,task,sameclass,c002,1,-0.2499675750732422,102,46
10,full,unpaired,c002,1,-1.7459068298339844,79,0
10,readout,unpaired,c002,1,-1.4996662139892578,46,0
10,task,unpaired,c002,1,-0.24973678588867188,79,46
10,full,unpaired_eval,c002,1,-0.24979400634765625,79,0
10,readout,unpaired_eval,c002,1,-0.49992942810058594,46,0
10,task,unpaired_eval,c002,1,0.12515830993652344,79,46
16,full,paired,c002,1,-0.6247196197509766,102,0
16,readout,paired,c002,1,-0.6247577667236328,46,0
16,task,paired,c002,1,-0.12486076354980469,102,46
16,full,sameclass,c002,1,-0.8747024536132812,102,0
16,readout,sameclass,c002,1,-0.8747844696044922,46,0
16,task,sameclass,c002,1,5.14984130859375e-05,102,46
16,full,unpaired,c002,1,-2.621805191040039,79,0
16,readout,unpaired,c002,1,-2.2480506896972656,46,0
16,task,unpaired,c002,1,-0.37451744079589844,79,46
16,full,unpaired_eval,c002,1,-0.12474250793457031,79,0
16,readout,unpaired_eval,c002,1,-0.12479019165039062,46,0
16,task,unpaired_eval,c002,1,-0.12483787536621094,79,46
8,full,paired,c003,2,0.6256523132324219,105,0
8,readout,paired,c003,2,0.5002765655517578,46,0
8,task,paired,c003,2,-0.12514877319335938,105,46
8,full,sameclass,c003,2,0.124664306640625,107,0
8,readout,sameclass,c003,2,0.3749103546142578,46,0
8,task,sameclass,c003,2,-0.25031471252441406,107,46
8,full,unpaired,c003,2,-0.249908447265625,79,0
8,readout,unpaired,c003,2,-0.2499217987060547,46,0
8,task,unpaired,c003,2,-0.0002574920654296875,79,46
8,full,unpaired_eval,c003,2,0.37467193603515625,79,0
8,readout,unpaired_eval,c003,2,0.12476921081542969,46,0
8,task,unpaired_eval,c003,2,-0.00018310546875,79,46
10,full,paired,c003,2,-0.37326812744140625,105,0
10,readout,paired,c003,2,-0.3745079040527344,46,0
10,task,paired,c003,2,-0.12505149841308594,105,46
10,full,sameclass,c003,2,-0.12519073486328125,107,0
10,readout,sameclass,c003,2,0.12485122680664062,46,0
10,task,sameclass,c003,2,-0.2501850128173828,107,46
10,full,unpaired,c003,2,-0.8742752075195312,79,0
10,readout,unpaired,c003,2,-0.7497081756591797,46,0
10,task,unpaired,c003,2,-0.12494277954101562,79,46
10,full,unpaired_eval,c003,2,-0.000171661376953125,79,0
10,readout,unpaired_eval,c003,2,0.3747406005859375,46,0
10,task,unpaired_eval,c003,2,-0.0002384185791015625,79,46
16,full,paired,c003,2,-2.2465953826904297,105,0
16,readout,paired,c003,2,-1.9972305297851562,46,0
16,task,paired,c003,2,0.12517356872558594,105,46
16,full,sameclass,c003,2,-0.7499237060546875,107,0
16,readout,sameclass,c003,2,-0.7500324249267578,46,0
16,task,sameclass,c003,2,0.1250438690185547,107,46
16,full,unpaired,c003,2,-2.621145248413086,79,0
16,readout,unpaired,c003,2,-2.2475337982177734,46,0
16,task,unpaired,c003,2,0.12529754638671875,79,46
16,full,unpaired_eval,c003,2,0.37495994567871094,79,0
16,readout,unpaired_eval,c003,2,0.12493324279785156,46,0
16,task,unpaired_eval,c003,2,0.24995994567871094,79,46
8,full,paired,c006,3,-1.6232833862304688,123,0
8,readout,paired,c006,3,-1.1242809295654297,46,0
8,task,paired,c006,3,-0.8745098114013672,123,46
8,full,sameclass,c006,3,0.1251506805419922,125,0
8,readout,sameclass,c006,3,-0.12499046325683594,46,0
8,task,sameclass,c006,3,0.374969482421875,125,46
8,full,unpaired,c006,3,-1.3752479553222656,59,0
8,readout,unpaired,c006,3,-1.3752269744873047,46,0
8,task,unpaired,c006,3,-0.2499523162841797,59,46
8,full,unpaired_eval,c006,3,-0.6252975463867188,59,0
8,readout,unpaired_eval,c006,3,-0.2504234313964844,46,0
8,task,unpaired_eval,c006,3,-0.4998359680175781,59,46
10,full,paired,c006,3,-1.9972572326660156,123,0
10,readout,paired,c006,3,-1.499338150024414,46,0
10,task,paired,c006,3,-0.6246776580810547,123,46
10,full,sameclass,c006,3,0.12526321411132812,125,0
10,readout,sameclass,c006,3,-0.2498607635498047,46,0
10,task,sameclass,c006,3,0.49988555908203125,125,46
10,full,unpaired,c006,3,-1.7501487731933594,59,0
10,readout,unpaired,c006,3,-1.6252212524414062,46,0
10,task,unpaired,c006,3,-0.2500591278076172,59,46
10,full,unpaired_eval,c006,3,-1.125265121459961,59,0
10,readout,unpaired_eval,c006,3,-0.8753433227539062,46,0
10,task,unpaired_eval,c006,3,-0.1250762939453125,59,46
16,full,paired,c006,3,-3.370107650756836,123,0
16,readout,paired,c006,3,-2.7471580505371094,46,0
16,task,paired,c006,3,0.0002231597900390625,123,46
16,full,sameclass,c006,3,-0.4995861053466797,125,0
16,readout,sameclass,c006,3,-0.4997882843017578,46,0
16,task,sameclass,c006,3,0.0001010894775390625,125,46
16,full,unpaired,c006,3,-2.2494258880615234,59,0
16,readout,unpaired,c006,3,-2.124391555786133,46,0
16,task,unpaired,c006,3,-0.0002079010009765625,59,46
16,full,unpaired_eval,c006,3,-1.62481689453125,59,0
16,readout,unpaired_eval,c006,3,-1.874551773071289,46,0
16,task,unpaired_eval,c006,3,-0.000240325927734375,59,46
8,full,paired,c008,4,-0.3747978210449219,73,0
8,readout,paired,c008,4,-0.7498264312744141,46,0
8,task,paired,c008,4,0.37500953674316406,73,46
8,full,sameclass,c008,4,0.3748321533203125,73,0
8,readout,sameclass,c008,4,0.624786376953125,46,0
8,task,sameclass,c008,4,2.288818359375e-05,73,46
8,full,unpaired,c008,4,-2.125032424926758,60,0
8,readout,unpaired,c008,4,-1.6250896453857422,46,0
8,task,unpaired,c008,4,-0.12502670288085938,60,46
8,full,unpaired_eval,c008,4,-1.6251411437988281,60,0
8,readout,unpaired_eval,c008,4,-2.1250076293945312,46,0
8,task,unpaired_eval,c008,4,-8.392333984375e-05,60,46
10,full,paired,c008,4,-0.49987030029296875,73,0
10,readout,paired,c008,4,-0.6248874664306641,46,0
10,task,paired,c008,4,0.6249237060546875,73,46
10,full,sameclass,c008,4,0.12490272521972656,73,0
10,readout,sameclass,c008,4,0.4997520446777344,46,0
10,task,sameclass,c008,4,0.0001506805419921875,73,46
10,full,unpaired,c008,4,-2.750051498413086,60,0
10,readout,unpaired,c008,4,-2.0001296997070312,46,0
10,task,unpaired,c008,4,-0.37491798400878906,60,46
10,full,unpaired_eval,c008,4,-1.3752784729003906,60,0
10,readout,unpaired_eval,c008,4,-2.0000133514404297,46,0
10,task,unpaired_eval,c008,4,0.24984169006347656,60,46
16,full,paired,c008,4,-0.37482643127441406,73,0
16,readout,paired,c008,4,-0.2499103546142578,46,0
16,task,paired,c008,4,0.12498855590820312,73,46
16,full,sameclass,c008,4,0.7497043609619141,73,0
16,readout,sameclass,c008,4,0.7496509552001953,46,0
16,task,sameclass,c008,4,8.7738037109375e-05,73,46
16,full,unpaired,c008,4,-3.5002498626708984,60,0
16,readout,unpaired,c008,4,-3.3750762939453125,46,0
16,task,unpaired,c008,4,-7.2479248046875e-05,60,46
16,full,unpaired_eval,c008,4,-1.6253528594970703,60,0
16,readout,unpaired_eval,c008,4,-1.5003032684326172,46,0
16,task,unpaired_eval,c008,4,-0.12508392333984375,60,46
8,full,paired,c009,5,-0.12493324279785156,72,0
8,readout,paired,c009,5,0.7500133514404297,46,0
8,task,paired,c009,5,-0.9999504089355469,72,46
8,full,sameclass,c009,5,0.3749256134033203,73,0
8,readout,sameclass,c009,5,0.6249523162841797,46,0
8,task,sameclass,c009,5,-3.814697265625e-06,73,46
8,full,unpaired,c009,5,0.7504463195800781,59,0
8,readout,unpaired,c009,5,0.875335693359375,46,0
8,task,unpaired,c009,5,-0.3749351501464844,59,46
8,full,unpaired_eval,c009,5,0.3755226135253906,59,0
8,readout,unpaired_eval,c009,5,0.37547874450683594,46,0
8,task,unpaired_eval,c009,5,-0.3749885559082031,59,46
10,full,paired,c009,5,-0.7498703002929688,72,0
10,readout,paired,c009,5,0.25010108947753906,46,0
10,task,paired,c009,5,-1.1249656677246094,72,46
10,full,sameclass,c009,5,0.2499408721923828,73,0
10,readout,sameclass,c009,5,0.625,46,0
10,task,sameclass,c009,5,-0.3750114440917969,73,46
10,full,unpaired,c009,5,0.8753223419189453,59,0
10,readout,unpaired,c009,5,1.1251716613769531,46,0
10,task,unpaired,c009,5,-0.24995994567871094,59,46
10,full,unpaired_eval,c009,5,0.5004806518554688,59,0
10,readout,unpaired_eval,c009,5,0.8754386901855469,46,0
10,task,unpaired_eval,c009,5,-0.37495994567871094,59,46
16,full,paired,c009,5,-2.1248245239257812,72,0
16,readout,paired,c009,5,-2.1248416900634766,46,0
16,task,paired,c009,5,-0.1250152587890625,72,46
16,full,sameclass,c009,5,0.6249370574951172,73,0
16,readout,sameclass,c009,5,0.6249103546142578,46,0
16,task,sameclass,c009,5,-0.1249542236328125,73,46
16,full,unpaired,c009,5,1.2505931854248047,59,0
16,readout,unpaired,c009,5,1.1251640319824219,46,0
16,task,unpaired,c009,5,0.12520790100097656,59,46
16,full,unpaired_eval,c009,5,2.1252784729003906,59,0
16,readout,unpaired_eval,c009,5,2.1249752044677734,46,0
16,task,unpaired_eval,c009,5,0.0002536773681640625,59,46
8,full,paired,c011,6,0.25057029724121094,115,0
8,readout,paired,c011,6,-0.24962806701660156,46,0
8,task,paired,c011,6,0.5000953674316406,115,46
8,full,sameclass,c011,6,0.3746070861816406,116,0
8,readout,sameclass,c011,6,0.3747692108154297,46,0
8,task,sameclass,c011,6,0.24970054626464844,116,46
8,full,unpaired,c011,6,-0.12470245361328125,79,0
8,readout,unpaired,c011,6,-0.6242446899414062,46,0
8,task,unpaired,c011,6,0.3747425079345703,79,46
8,full,unpaired_eval,c011,6,2.3747024536132812,79,0
8,readout,unpaired_eval,c011,6,1.9997062683105469,46,0
8,task,unpaired_eval,c011,6,0.37506675720214844,79,46
10,full,paired,c011,6,-0.12425422668457031,115,0
10,readout,paired,c011,6,-0.49918556213378906,46,0
10,task,paired,c011,6,0.3748817443847656,115,46
10,full,sameclass,c011,6,0.37453269958496094,116,0
10,readout,sameclass,c011,6,0.3746681213378906,46,0
10,task,sameclass,c011,6,0.12470817565917969,116,46
10,full,unpaired,c011,6,-0.3746147155761719,79,0
10,readout,unpaired,c011,6,-0.7495193481445312,46,0
10,task,unpaired,c011,6,0.12479782104492188,79,46
10,full,unpaired_eval,c011,6,2.499662399291992,79,0
10,readout,unpaired_eval,c011,6,2.4999942779541016,46,0
10,task,unpaired_eval,c011,6,-0.000152587890625,79,46
16,full,paired,c011,6,-0.9988613128662109,115,0
16,readout,paired,c011,6,-0.9991950988769531,46,0
16,task,paired,c011,6,0.0004119873046875,115,46
16,full,sameclass,c011,6,0.24964332580566406,116,0
16,readout,sameclass,c011,6,0.124603271484375,46,0
16,task,sameclass,c011,6,0.12492561340332031,116,46
16,full,unpaired,c011,6,-0.6241474151611328,79,0
16,readout,unpaired,c011,6,-0.6241722106933594,46,0
16,task,unpaired,c011,6,-0.000179290771484375,79,46
16,full,unpaired_eval,c011,6,3.2494430541992188,79,0
16,readout,unpaired_eval,c011,6,3.124645233154297,46,0
16,task,unpaired_eval,c011,6,0.12465286254882812,79,46
8,full,paired,c013,7,-0.5000362396240234,118,0
8,readout,paired,c013,7,-0.8747825622558594,46,0
8,task,paired,c013,7,0.2498455047607422,118,46
8,full,sameclass,c013,7,-0.3750591278076172,118,0
8,readout,sameclass,c013,7,-0.5000724792480469,46,0
8,task,sameclass,c013,7,-4.76837158203125e-05,118,46
8,full,unpaired,c013,7,-1.1249732971191406,79,0
8,readout,unpaired,c013,7,-0.8748226165771484,46,0
8,task,unpaired,c013,7,-0.25012969970703125,79,46
8,full,unpaired_eval,c013,7,-0.8749427795410156,59,0
8,readout,unpaired_eval,c013,7,-0.7497100830078125,46,0
8,task,unpaired_eval,c013,7,0.12488746643066406,59,46
10,full,paired,c013,7,-1.3749313354492188,118,0
10,readout,paired,c013,7,-1.8748645782470703,46,0
10,task,paired,c013,7,0.37487220764160156,118,46
10,full,sameclass,c013,7,-1.1250324249267578,118,0
10,readout,sameclass,c013,7,-1.3750419616699219,46,0
10,task,sameclass,c013,7,0.24999237060546875,118,46
10,full,unpaired,c013,7,-1.9998893737792969,79,0
10,readout,unpaired,c013,7,-1.9997787475585938,46,0
10,task,unpaired,c013,7,0.125,79,46
10,full,unpaired_eval,c013,7,-1.8748626708984375,59,0
10,readout,unpaired_eval,c013,7,-1.6249008178710938,46,0
10,task,unpaired_eval,c013,7,0.3749237060546875,59,46
16,full,paired,c013,7,-3.9987220764160156,118,0
16,readout,paired,c013,7,-3.8740177154541016,46,0
16,task,paired,c013,7,-3.62396240234375e-05,118,46
16,full,sameclass,c013,7,-3.3744258880615234,118,0
16,readout,sameclass,c013,7,-3.374452590942383,46,0
16,task,sameclass,c013,7,-1.9073486328125e-05,118,46
16,full,unpaired,c013,7,-3.3731842041015625,79,0
16,readout,unpaired,c013,7,-3.3734092712402344,46,0
16,task,unpaired,c013,7,5.53131103515625e-05,79,46
16,full,unpaired_eval,c013,7,-3.2486705780029297,59,0
16,readout,unpaired_eval,c013,7,-3.373615264892578,46,0
16,task,unpaired_eval,c013,7,0.2500877380371094,59,46
8,full,paired,c014,8,-0.2513618469238281,59,0
8,readout,paired,c014,8,-0.3758869171142578,46,0
8,task,paired,c014,8,0.24891281127929688,59,46
8,full,sameclass,c014,8,0.4982280731201172,59,0
8,readout,sameclass,c014,8,0.6232471466064453,46,0
8,task,sameclass,c014,8,0.12405776977539062,59,46
8,full,unpaired,c014,8,-0.5014133453369141,59,0
8,readout,unpaired,c014,8,-0.5015525817871094,46,0
8,task,unpaired,c014,8,0.3742046356201172,59,46
8,full,unpaired_eval,c014,8,-0.12664413452148438,59,0
8,readout,unpaired_eval,c014,8,-0.1268463134765625,46,0
8,task,unpaired_eval,c014,8,0.25142478942871094,59,46
10,full,paired,c014,8,-0.251495361328125,59,0
10,readout,paired,c014,8,-0.5011749267578125,46,0
10,task,paired,c014,8,0.3737506866455078,59,46
10,full,sameclass,c014,8,0.12341880798339844,59,0
10,readout,sameclass,c014,8,0.3733062744140625,46,0
10,task,sameclass,c014,8,-0.000720977783203125,59,46
10,full,unpaired,c014,8,-0.0016956329345703125,59,0
10,readout,unpaired,c014,8,-0.37653541564941406,46,0
10,task,unpaired,c014,8,0.6233863830566406,59,46
10,full,unpaired_eval,c014,8,0.24822998046875,59,0
10,readout,unpaired_eval,c014,8,0.24819564819335938,46,0
10,task,unpaired_eval,c014,8,0.49904823303222656,59,46
16,full,paired,c014,8,0.1252918243408203,59,0
16,readout,paired,c014,8,0.12545204162597656,46,0
16,task,paired,c014,8,0.12461280822753906,59,46
16,full,sameclass,c014,8,0.998382568359375,59,0
16,readout,sameclass,c014,8,1.1234664916992188,46,0
16,task,sameclass,c014,8,0.12457084655761719,59,46
16,full,unpaired,c014,8,0.6236686706542969,59,0
16,readout,unpaired,c014,8,0.6238594055175781,46,0
16,task,unpaired,c014,8,-0.0001773834228515625,59,46
16,full,unpaired_eval,c014,8,0.37353515625,59,0
16,readout,unpaired_eval,c014,8,0.24866867065429688,46,0
16,task,unpaired_eval,c014,8,-1.9073486328125e-05,59,46
8,full,paired,c016,9,0.12516212463378906,110,0
8,readout,paired,c016,9,-0.24958038330078125,46,0
8,task,paired,c016,9,0.37488365173339844,110,46
8,full,sameclass,c016,9,-0.12484359741210938,110,0
8,readout,sameclass,c016,9,-0.12479591369628906,46,0
8,task,sameclass,c016,9,-0.12483406066894531,110,46
8,full,unpaired,c016,9,-0.12475967407226562,79,0
8,readout,unpaired,c016,9,0.0002574920654296875,46,0
8,task,unpaired,c016,9,-0.2501239776611328,79,46
8,full,unpaired_eval,c016,9,-0.3750724792480469,79,0
8,readout,unpaired_eval,c016,9,-0.12494468688964844,46,0
8,task,unpaired_eval,c016,9,-0.24999237060546875,79,46
10,full,paired,c016,9,0.3751182556152344,110,0
10,readout,paired,c016,9,-0.24962997436523438,46,0
10,task,paired,c016,9,0.6248054504394531,110,46
10,full,sameclass,c016,9,0.0003452301025390625,110,0
10,readout,sameclass,c016,9,-0.2495288848876953,46,0
10,task,sameclass,c016,9,0.24994468688964844,110,46
10,full,unpaired,c016,9,-0.499542236328125,79,0
10,readout,unpaired,c016,9,-0.12462425231933594,46,0
10,task,unpaired,c016,9,-0.2498302459716797,79,46
10,full,unpaired_eval,c016,9,-0.25002288818359375,79,0
10,readout,unpaired_eval,c016,9,-0.2500457763671875,46,0
10,task,unpaired_eval,c016,9,-0.12489128112792969,79,46
16,full,paired,c016,9,0.25019264221191406,110,0
16,readout,paired,c016,9,0.25029563903808594,46,0
16,task,paired,c016,9,1.1444091796875e-05,110,46
16,full,sameclass,c016,9,1.3758087158203125,110,0
16,readout,sameclass,c016,9,1.3760013580322266,46,0
16,task,sameclass,c016,9,-0.000125885009765625,110,46
16,full,unpaired,c016,9,-1.624267578125,79,0
16,readout,unpaired,c016,9,-1.4993858337402344,46,0
16,task,unpaired,c016,9,0.0001068115234375,79,46
16,full,unpaired_eval,c016,9,0.499786376953125,79,0
16,readout,unpaired_eval,c016,9,0.6248321533203125,46,0
16,task,unpaired_eval,c016,9,-0.12497711181640625,79,46
8,full,paired,c017,10,-0.24996376037597656,132,0
8,readout,paired,c017,10,-0.2498035430908203,46,0
8,task,paired,c017,10,-0.12506675720214844,132,46
8,full,sameclass,c017,10,-0.37485313415527344,134,0
8,readout,sameclass,c017,10,-0.125030517578125,46,0
8,task,sameclass,c017,10,-0.24983787536621094,134,46
8,full,unpaired,c017,10,-0.8743457794189453,79,0
8,readout,unpaired,c017,10,-0.9996013641357422,46,0
8,task,unpaired,c017,10,-0.249847412109375,79,46
8,full,unpaired_eval,c017,10,0.25036048889160156,59,0
8,readout,unpaired_eval,c017,10,0.00018310546875,46,0
8,task,unpaired_eval,c017,10,0.12498283386230469,59,46
10,full,paired,c017,10,-0.49987220764160156,132,0
10,readout,paired,c017,10,-0.37480735778808594,46,0
10,task,paired,c017,10,-0.2500495910644531,132,46
10,full,sameclass,c017,10,-0.3747711181640625,134,0
10,readout,sameclass,c017,10,-0.12506103515625,46,0
10,task,sameclass,c017,10,-0.24985313415527344,134,46
10,full,unpaired,c017,10,-0.9995880126953125,79,0
10,readout,unpaired,c017,10,-1.4997062683105469,46,0
10,task,unpaired,c017,10,0.1250171661376953,79,46
10,full,unpaired_eval,c017,10,0.5002002716064453,59,0
10,readout,unpaired_eval,c017,10,0.1251068115234375,46,0
10,task,unpaired_eval,c017,10,0.2499675750732422,59,46
16,full,paired,c017,10,-2.374032974243164,132,0
16,readout,paired,c017,10,-2.249338150024414,46,0
16,task,paired,c017,10,0.0001049041748046875,132,46
16,full,sameclass,c017,10,0.125152587890625,134,0
16,readout,sameclass,c017,10,0.12511634826660156,46,0
16,task,sameclass,c017,10,-0.12496185302734375,134,46
16,full,unpaired,c017,10,-1.8739910125732422,79,0
16,readout,unpaired,c017,10,-1.8741092681884766,46,0
16,task,unpaired,c017,10,-0.12489700317382812,79,46
16,full,unpaired_eval,c017,10,-0.6245498657226562,59,0
16,readout,unpaired_eval,c017,10,-0.4997520446777344,46,0
16,task,unpaired_eval,c017,10,3.4332275390625e-05,59,46
8,full,paired,c020,11,-0.6252498626708984,59,0
8,readout,paired,c020,11,-0.5002059936523438,46,0
8,task,paired,c020,11,0.12458610534667969,59,46
8,full,sameclass,c020,11,1.1246700286865234,59,0
8,readout,sameclass,c020,11,1.2496299743652344,46,0
8,task,sameclass,c020,11,0.12484550476074219,59,46
8,full,unpaired,c020,11,-0.25034332275390625,59,0
8,readout,unpaired,c020,11,-0.125457763671875,46,0
8,task,unpaired,c020,11,0.12478065490722656,59,46
8,full,unpaired_eval,c020,11,0.12450599670410156,59,0
8,readout,unpaired_eval,c020,11,0.37442970275878906,46,0
8,task,unpaired_eval,c020,11,-0.0002880096435546875,59,46
10,full,paired,c020,11,-1.0001487731933594,59,0
10,readout,paired,c020,11,-0.7500877380371094,46,0
10,task,paired,c020,11,-0.0003986358642578125,59,46
10,full,sameclass,c020,11,0.9998989105224609,59,0
10,readout,sameclass,c020,11,1.4997444152832031,46,0
10,task,sameclass,c020,11,-0.12540626525878906,59,46
10,full,unpaired,c020,11,-0.5002384185791016,59,0
10,readout,unpaired,c020,11,-0.12549400329589844,46,0
10,task,unpaired,c020,11,-0.0003814697265625,59,46
10,full,unpaired_eval,c020,11,-0.000530242919921875,59,0
10,readout,unpaired_eval,c020,11,0.12453460693359375,46,0
10,task,unpaired_eval,c020,11,0.12460899353027344,59,46
16,full,paired,c020,11,-1.6241474151611328,59,0
16,readout,paired,c020,11,-1.4989089965820312,46,0
16,task,paired,c020,11,-0.0001392364501953125,59,46
16,full,sameclass,c020,11,3.1247730255126953,59,0
16,readout,sameclass,c020,11,3.2498817443847656,46,0
16,task,sameclass,c020,11,-0.12511634826660156,59,46
16,full,unpaired,c020,11,-0.2498340606689453,59,0
16,readout,unpaired,c020,11,-0.3744773864746094,46,0
16,task,unpaired,c020,11,-0.12506675720214844,59,46
16,full,unpaired_eval,c020,11,1.2495613098144531,59,0
16,readout,unpaired_eval,c020,11,1.3745956420898438,46,0
16,task,unpaired_eval,c020,11,-0.12510108947753906,59,46
8,full,paired,c022,12,-0.12481307983398438,106,0
8,readout,paired,c022,12,2.288818359375e-05,46,0
8,task,paired,c022,12,-0.2498798370361328,106,46
8,full,sameclass,c022,12,0.7502689361572266,107,0
8,readout,sameclass,c022,12,0.37519264221191406,46,0
8,task,sameclass,c022,12,0.37499237060546875,107,46
8,full,unpaired,c022,12,-0.37404823303222656,79,0
8,readout,unpaired,c022,12,-0.3744163513183594,46,0
8,task,unpaired,c022,12,-0.2498149871826172,79,46
8,full,unpaired_eval,c022,12,-0.6241207122802734,79,0
8,readout,unpaired_eval,c022,12,-0.37456321716308594,46,0
8,task,unpaired_eval,c022,12,-0.24985504150390625,79,46
10,full,paired,c022,12,-0.3747978210449219,106,0
10,readout,paired,c022,12,-0.3748283386230469,46,0
10,task,paired,c022,12,-0.12484359741210938,106,46
10,full,sameclass,c022,12,1.3752479553222656,107,0
10,readout,sameclass,c022,12,0.7501678466796875,46,0
10,task,sameclass,c022,12,0.2501106262207031,107,46
10,full,unpaired,c022,12,-0.37413787841796875,79,0
10,readout,unpaired,c022,12,-0.4993419647216797,46,0
10,task,unpaired,c022,12,-0.24973106384277344,79,46
10,full,unpaired_eval,c022,12,-0.2496623992919922,79,0
10,readout,unpaired_eval,c022,12,-0.12462425231933594,46,0
10,task,unpaired_eval,c022,12,-0.2499523162841797,79,46
16,full,paired,c022,12,-1.7494449615478516,106,0
16,readout,paired,c022,12,-1.6244449615478516,46,0
16,task,paired,c022,12,-0.1249542236328125,106,46
16,full,sameclass,c022,12,0.6253623962402344,107,0
16,readout,sameclass,c022,12,0.5004291534423828,46,0
16,task,sameclass,c022,12,4.57763671875e-05,107,46
16,full,unpaired,c022,12,-1.3738155364990234,79,0
16,readout,unpaired,c022,12,-1.3738079071044922,46,0
16,task,unpaired,c022,12,2.288818359375e-05,79,46
16,full,unpaired_eval,c022,12,-0.24968338012695312,79,0
16,readout,unpaired_eval,c022,12,-0.3744926452636719,46,0
16,task,unpaired_eval,c022,12,0.12499427795410156,79,46
8,full,paired,c023,13,-0.49939537048339844,100,0
8,readout,paired,c023,13,0.25002479553222656,46,0
8,task,paired,c023,13,-0.37464141845703125,100,46
8,full,sameclass,c023,13,0.000217437744140625,101,0
8,readout,sameclass,c023,13,0.25,46,0
8,task,sameclass,c023,13,-0.24970626831054688,101,46
8,full,unpaired,c023,13,-0.1250896453857422,79,0
8,readout,unpaired,c023,13,-0.12510299682617188,46,0
8,task,unpaired,c023,13,0.12504959106445312,79,46
8,full,unpaired_eval,c023,13,1.0002193450927734,79,0
8,readout,unpaired_eval,c023,13,1.0001850128173828,46,0
8,task,unpaired_eval,c023,13,-1.33514404296875e-05,79,46
10,full,paired,c023,13,-0.6241245269775391,100,0
10,readout,paired,c023,13,-0.24970054626464844,46,0
10,task,paired,c023,13,-0.2494487762451172,100,46
10,full,sameclass,c023,13,-0.12476730346679688,101,0
10,readout,sameclass,c023,13,0.000156402587890625,46,0
10,task,sameclass,c023,13,0.000164031982421875,101,46
10,full,unpaired,c023,13,-0.8746662139892578,79,0
10,readout,unpaired,c023,13,-0.7498741149902344,46,0
10,task,unpaired,c023,13,-0.24980545043945312,79,46
10,full,unpaired_eval,c023,13,1.6260261535644531,79,0
10,readout,unpaired_eval,c023,13,1.3755817413330078,46,0
10,task,unpaired_eval,c023,13,0.0001201629638671875,79,46
16,full,paired,c023,13,-1.1243534088134766,100,0
16,readout,paired,c023,13,-0.999481201171875,46,0
16,task,paired,c023,13,-0.12481498718261719,100,46
16,full,sameclass,c023,13,0.37495994567871094,101,0
16,readout,sameclass,c023,13,0.49997520446777344,46,0
16,task,sameclass,c023,13,-3.24249267578125e-05,101,46
16,full,unpaired,c023,13,-1.6243133544921875,79,0
16,readout,unpaired,c023,13,-1.4995956420898438,46,0
16,task,unpaired,c023,13,-0.12477302551269531,79,46
16,full,unpaired_eval,c023,13,0.7511959075927734,79,0
16,readout,unpaired_eval,c023,13,0.875946044921875,46,0
16,task,unpaired_eval,c023,13,-0.12477874755859375,79,46
8,full,paired,c024,14,-1.0002288818359375,112,0
8,readout,paired,c024,14,-1.1255149841308594,46,0
8,task,paired,c024,14,-0.12429237365722656,112,46
8,full,sameclass,c024,14,-0.3756847381591797,113,0
8,readout,sameclass,c024,14,-0.7506198883056641,46,0
8,task,sameclass,c024,14,0.5000190734863281,113,46
8,full,unpaired,c024,14,-1.0005149841308594,79,0
8,readout,unpaired,c024,14,-0.8756599426269531,46,0
8,task,unpaired,c024,14,0.0002574920654296875,79,46
8,full,unpaired_eval,c024,14,-0.25032997131347656,79,0
8,readout,unpaired_eval,c024,14,-0.2502708435058594,46,0
8,task,unpaired_eval,c024,14,7.05718994140625e-05,79,46
10,full,paired,c024,14,-1.2506370544433594,112,0
10,readout,paired,c024,14,-1.2506790161132812,46,0
10,task,paired,c024,14,-0.124847412109375,112,46
10,full,sameclass,c024,14,-0.5007648468017578,113,0
10,readout,sameclass,c024,14,-0.7506294250488281,46,0
10,task,sameclass,c024,14,0.12464714050292969,113,46
10,full,unpaired,c024,14,-1.000741958618164,79,0
10,readout,unpaired,c024,14,-0.5007457733154297,46,0
10,task,unpaired,c024,14,-0.6252059936523438,79,46
10,full,unpaired_eval,c024,14,-0.5005455017089844,79,0
10,readout,unpaired_eval,c024,14,-0.000377655029296875,46,0
10,task,unpaired_eval,c024,14,-0.3751182556152344,79,46
16,full,paired,c024,14,-2.250232696533203,112,0
16,readout,paired,c024,14,-2.2504310607910156,46,0
16,task,paired,c024,14,0.12543869018554688,112,46
16,full,sameclass,c024,14,0.499664306640625,113,0
16,readout,sameclass,c024,14,0.3745918273925781,46,0
16,task,sameclass,c024,14,0.12513351440429688,113,46
16,full,unpaired,c024,14,-2.0005016326904297,79,0
16,readout,unpaired,c024,14,-2.0007400512695312,46,0
16,task,unpaired,c024,14,0.2501506805419922,79,46
16,full,unpaired_eval,c024,14,-0.5006923675537109,79,0
16,readout,unpaired_eval,c024,14,-0.6257476806640625,46,0
16,task,unpaired_eval,c024,14,0.12502670288085938,79,46
8,full,paired,c025,15,-0.37513160705566406,109,0
8,readout,paired,c025,15,-0.5000572204589844,46,0
8,task,paired,c025,15,0.12527084350585938,109,46
8,full,sameclass,c025,15,-0.12572669982910156,111,0
8,readout,sameclass,c025,15,-0.37569427490234375,46,0
8,task,sameclass,c025,15,0.6244373321533203,111,46
8,full,unpaired,c025,15,-1.5004024505615234,59,0
8,readout,unpaired,c025,15,-0.5006980895996094,46,0
8,task,unpaired,c025,15,-0.6246166229248047,59,46
8,full,unpaired_eval,c025,15,-1.0003395080566406,59,0
8,readout,unpaired_eval,c025,15,-0.6257076263427734,46,0
8,task,unpaired_eval,c025,15,0.001216888427734375,59,46
10,full,paired,c025,15,-0.2501544952392578,109,0
10,readout,paired,c025,15,-0.12517166137695312,46,0
10,task,paired,c025,15,-0.24970626831054688,109,46
10,full,sameclass,c025,15,-0.8755722045898438,111,0
10,readout,sameclass,c025,15,-0.37561988830566406,46,0
10,task,sameclass,c025,15,-0.00023651123046875,111,46
10,full,unpaired,c025,15,-2.624879837036133,59,0
10,readout,unpaired,c025,15,-2.0000553131103516,46,0
10,task,unpaired,c025,15,-0.4991455078125,59,46
10,full,unpaired_eval,c025,15,-1.1254081726074219,59,0
10,readout,unpaired_eval,c025,15,-0.7505207061767578,46,0
10,task,unpaired_eval,c025,15,-0.24898529052734375,59,46
16,full,paired,c025,15,-1.5001373291015625,109,0
16,readout,paired,c025,15,-1.4999065399169922,46,0
16,task,paired,c025,15,0.12484931945800781,109,46
16,full,sameclass,c025,15,-1.625253677368164,111,0
16,readout,sameclass,c025,15,-1.7500114440917969,46,0
16,task,sameclass,c025,15,0.12468528747558594,111,46
16,full,unpaired,c025,15,-7.1251373291015625,59,0
16,readout,unpaired,c025,15,-7.12486457824707,46,0
16,task,unpaired,c025,15,-0.12503433227539062,59,46
16,full,unpaired_eval,c025,15,-1.0008888244628906,59,0
16,readout,unpaired_eval,c025,15,-0.8757839202880859,46,0
16,task,unpaired_eval,c025,15,-0.0001697540283203125,59,46
8,full,paired,c029,16,-2.9998931884765625,72,0
8,readout,paired,c029,16,-1.7499160766601562,46,0
8,task,paired,c029,16,-0.9997520446777344,72,46
8,full,sameclass,c029,16,-1.7496585845947266,73,0
8,readout,sameclass,c029,16,-1.1248092651367188,46,0
8,task,sameclass,c029,16,-0.49988746643066406,73,46
8,full,unpaired,c029,16,-0.8745002746582031,59,0
8,readout,unpaired,c029,16,-0.8747177124023438,46,0
8,task,unpaired,c029,16,0.12508392333984375,59,46
8,full,unpaired_eval,c029,16,0.1252460479736328,59,0
8,readout,unpaired_eval,c029,16,-0.24989891052246094,46,0
8,task,unpaired_eval,c029,16,0.5001163482666016,59,46
10,full,paired,c029,16,-4.24974250793457,72,0
10,readout,paired,c029,16,-2.999814987182617,46,0
10,task,paired,c029,16,-0.8747673034667969,72,46
10,full,sameclass,c029,16,-1.2496566772460938,73,0
10,readout,sameclass,c029,16,-0.9997730255126953,46,0
10,task,sameclass,c029,16,-0.24981689453125,73,46
10,full,unpaired,c029,16,-0.12478256225585938,59,0
10,readout,unpaired,c029,16,-0.4999122619628906,46,0
10,task,unpaired,c029,16,0.25011253356933594,59,46
10,full,unpaired_eval,c029,16,0.5001125335693359,59,0
10,readout,unpaired_eval,c029,16,0.2499523162841797,46,0
10,task,unpaired_eval,c029,16,0.125213623046875,59,46
16,full,paired,c029,16,-5.749334335327148,72,0
16,readout,paired,c029,16,-5.874439239501953,46,0
16,task,paired,c029,16,-0.12493324279785156,72,46
16,full,sameclass,c029,16,0.12543106079101562,73,0
16,readout,sameclass,c029,16,0.2506237030029297,46,0
16,task,sameclass,c029,16,-6.4849853515625e-05,73,46
16,full,unpaired,c029,16,-0.499725341796875,59,0
16,readout,unpaired,c029,16,-0.4998435974121094,46,0
16,task,unpaired,c029,16,7.82012939453125e-05,59,46
16,full,unpaired_eval,c029,16,0.7500801086425781,59,0
16,readout,unpaired_eval,c029,16,0.8749732971191406,46,0
16,task,unpaired_eval,c029,16,0.0001220703125,59,46
8,full,paired,c036,17,-0.9997100830078125,109,0
8,readout,paired,c036,17,-0.999786376953125,46,0
8,task,paired,c036,17,-9.5367431640625e-06,109,46
8,full,sameclass,c036,17,-1.2492103576660156,108,0
8,readout,sameclass,c036,17,-0.8746719360351562,46,0
8,task,sameclass,c036,17,-0.49956512451171875,108,46
8,full,unpaired,c036,17,-1.8749275207519531,59,0
8,readout,unpaired,c036,17,-1.874979019165039,46,0
8,task,unpaired,c036,17,-0.12502288818359375,59,46
8,full,unpaired_eval,c036,17,-1.4999942779541016,59,0
8,readout,unpaired_eval,c036,17,-0.9999656677246094,46,0
8,task,unpaired_eval,c036,17,-0.375,59,46
10,full,paired,c036,17,-1.124664306640625,109,0
10,readout,paired,c036,17,-1.124643325805664,46,0
10,task,paired,c036,17,-0.2500019073486328,109,46
10,full,sameclass,c036,17,-1.1238021850585938,108,0
10,readout,sameclass,c036,17,-0.9996299743652344,46,0
10,task,sameclass,c036,17,-0.49949073791503906,108,46
10,full,unpaired,c036,17,-2.124757766723633,59,0
10,readout,unpaired,c036,17,-2.1247901916503906,46,0
10,task,unpaired,c036,17,-0.24990081787109375,59,46
10,full,unpaired_eval,c036,17,-1.6247005462646484,59,0
10,readout,unpaired_eval,c036,17,-1.1248722076416016,46,0
10,task,unpaired_eval,c036,17,-0.6248130798339844,59,46
16,full,paired,c036,17,-1.2497615814208984,109,0
16,readout,paired,c036,17,-1.3746566772460938,46,0
16,task,paired,c036,17,0.12497138977050781,109,46
16,full,sameclass,c036,17,-0.4992332458496094,108,0
16,readout,sameclass,c036,17,-0.49915122985839844,46,0
16,task,sameclass,c036,17,3.814697265625e-06,108,46
16,full,unpaired,c036,17,-3.374387741088867,59,0
16,readout,unpaired,c036,17,-3.374265670776367,46,0
16,task,unpaired,c036,17,-3.814697265625e-05,59,46
16,full,unpaired_eval,c036,17,-2.249544143676758,59,0
16,readout,unpaired_eval,c036,17,-2.3743457794189453,46,0
16,task,unpaired_eval,c036,17,7.62939453125e-06,59,46
8,full,paired,c039,18,-0.25009918212890625,74,0
8,readout,paired,c039,18,-0.7499465942382812,46,0
8,task,paired,c039,18,0.24988365173339844,74,46
8,full,sameclass,c039,18,0.8748703002929688,75,0
8,readout,sameclass,c039,18,0.6249141693115234,46,0
8,task,sameclass,c039,18,0.12493515014648438,75,46
8,full,unpaired,c039,18,-0.2491455078125,59,0
8,readout,unpaired,c039,18,-0.12397193908691406,46,0
8,task,unpaired,c039,18,-0.1250782012939453,59,46
8,full,unpaired_eval,c039,18,0.7506790161132812,59,0
8,readout,unpaired_eval,c039,18,0.7506771087646484,46,0
8,task,unpaired_eval,c039,18,-0.12496566772460938,59,46
10,full,paired,c039,18,-0.2500171661376953,74,0
10,readout,paired,c039,18,-0.9999217987060547,46,0
10,task,paired,c039,18,0.6248893737792969,74,46
10,full,sameclass,c039,18,0.7499332427978516,75,0
10,readout,sameclass,c039,18,0.37497520446777344,46,0
10,task,sameclass,c039,18,0.2499408721923828,75,46
10,full,unpaired,c039,18,-0.4989204406738281,59,0
10,readout,unpaired,c039,18,-0.9983634948730469,46,0
10,task,unpaired,c039,18,0.3748588562011719,59,46
10,full,unpaired_eval,c039,18,1.1253108978271484,59,0
10,readout,unpaired_eval,c039,18,0.5006828308105469,46,0
10,task,unpaired_eval,c039,18,0.4998817443847656,59,46
16,full,paired,c039,18,-0.874969482421875,74,0
16,readout,paired,c039,18,-0.8748970031738281,46,0
16,task,paired,c039,18,-3.4332275390625e-05,74,46
16,full,sameclass,c039,18,0.7500629425048828,75,0
16,readout,sameclass,c039,18,0.7499942779541016,46,0
16,task,sameclass,c039,18,0.0,75,46
16,full,unpaired,c039,18,-0.6239604949951172,59,0
16,readout,unpaired,c039,18,-0.7492198944091797,46,0
16,task,unpaired,c039,18,0.1250629425048828,59,46
16,full,unpaired_eval,c039,18,2.50006103515625,59,0
16,readout,unpaired_eval,c039,18,2.374919891357422,46,0
16,task,unpaired_eval,c039,18,0.1251678466796875,59,46
8,full,paired,c041,19,-0.9997844696044922,125,0
8,readout,paired,c041,19,-0.8747692108154297,46,0
8,task,paired,c041,19,-0.25003814697265625,125,46
8,full,sameclass,c041,19,-0.3747882843017578,126,0
8,readout,sameclass,c041,19,-0.49970054626464844,46,0
8,task,sameclass,c041,19,-0.24997711181640625,126,46
8,full,unpaired,c041,19,-1.4997882843017578,79,0
8,readout,unpaired,c041,19,-1.6245899200439453,46,0
8,task,unpaired,c041,19,0.12502098083496094,79,46
8,full,unpaired_eval,c041,19,-1.6248798370361328,79,0
8,readout,unpaired_eval,c041,19,-1.3749160766601562,46,0
8,task,unpaired_eval,c041,19,-0.12492752075195312,79,46
10,full,paired,c041,19,-1.3744182586669922,125,0
10,readout,paired,c041,19,-1.6245250701904297,46,0
10,task,paired,c041,19,-0.12499427795410156,125,46
10,full,sameclass,c041,19,0.12517356872558594,126,0
10,readout,sameclass,c041,19,0.25011634826660156,46,0
10,task,sameclass,c041,19,-0.12493705749511719,126,46
10,full,unpaired,c041,19,-1.8740253448486328,79,0
10,readout,unpaired,c041,19,-2.3744888305664062,46,0
10,task,unpaired,c041,19,-0.24987411499023438,79,46
10,full,unpaired_eval,c041,19,-1.7497997283935547,79,0
10,readout,unpaired_eval,c041,19,-1.6249752044677734,46,0
10,task,unpaired_eval,c041,19,-0.12477302551269531,79,46
16,full,paired,c041,19,-3.623647689819336,125,0
16,readout,paired,c041,19,-3.4988231658935547,46,0
16,task,paired,c041,19,0.12498283386230469,125,46
16,full,sameclass,c041,19,0.25009727478027344,126,0
16,readout,sameclass,c041,19,0.2501087188720703,46,0
16,task,sameclass,c041,19,3.0517578125e-05,126,46
16,full,unpaired,c041,19,-4.246559143066406,79,0
16,readout,unpaired,c041,19,-3.3736019134521484,46,0
16,task,unpaired,c041,19,-0.2497386932373047,79,46
16,full,unpaired_eval,c041,19,-1.2496528625488281,79,0
16,readout,unpaired_eval,c041,19,-1.1248493194580078,46,0
16,task,unpaired_eval,c041,19,-0.249847412109375,79,46
8,full,paired,c042,20,-0.24956703186035156,107,0
8,readout,paired,c042,20,-0.4988517761230469,46,0
8,task,paired,c042,20,-2.86102294921875e-05,107,46
8,full,sameclass,c042,20,-0.12484550476074219,109,0
8,readout,sameclass,c042,20,-0.12487030029296875,46,0
8,task,sameclass,c042,20,9.5367431640625e-05,109,46
8,full,unpaired,c042,20,1.1252899169921875,79,0
8,readout,unpaired,c042,20,0.7503490447998047,46,0
8,task,unpaired,c042,20,0.5000095367431641,79,46
8,full,unpaired_eval,c042,20,1.6249275207519531,79,0
8,readout,unpaired_eval,c042,20,1.1249618530273438,46,0
8,task,unpaired_eval,c042,20,0.5001220703125,79,46
10,full,paired,c042,20,-0.7487335205078125,107,0
10,readout,paired,c042,20,-0.8739509582519531,46,0
10,task,paired,c042,20,0.24994277954101562,107,46
10,full,sameclass,c042,20,-0.3748912811279297,109,0
10,readout,sameclass,c042,20,0.12484169006347656,46,0
10,task,sameclass,c042,20,-0.12488365173339844,109,46
10,full,unpaired,c042,20,1.1251907348632812,79,0
10,readout,unpaired,c042,20,0.8753833770751953,46,0
10,task,unpaired,c042,20,0.4997901916503906,79,46
10,full,unpaired_eval,c042,20,1.749746322631836,79,0
10,readout,unpaired_eval,c042,20,1.1252269744873047,46,0
10,task,unpaired_eval,c042,20,0.6246795654296875,79,46
16,full,paired,c042,20,-2.8724002838134766,107,0
16,readout,paired,c042,20,-2.622833251953125,46,0
16,task,paired,c042,20,-0.12478828430175781,107,46
16,full,sameclass,c042,20,-0.6250724792480469,109,0
16,readout,sameclass,c042,20,-0.6249561309814453,46,0
16,task,sameclass,c042,20,-3.814697265625e-06,109,46
16,full,unpaired,c042,20,0.000759124755859375,79,0
16,readout,unpaired,c042,20,-0.2493114471435547,46,0
16,task,unpaired,c042,20,0.24997901916503906,79,46
16,full,unpaired_eval,c042,20,1.9995994567871094,79,0
16,readout,unpaired_eval,c042,20,1.8746662139892578,46,0
16,task,unpaired_eval,c042,20,0.24988746643066406,79,46
8,full,paired,c043,21,-0.7496013641357422,108,0
8,readout,paired,c043,21,-0.12479972839355469,46,0
8,task,paired,c043,21,-0.6248626708984375,108,46
8,full,sameclass,c043,21,0.0001430511474609375,109,0
8,readout,sameclass,c043,21,0.12514114379882812,46,0
8,task,sameclass,c043,21,-5.14984130859375e-05,109,46
8,full,unpaired,c043,21,-1.1248397827148438,79,0
8,readout,unpaired,c043,21,-0.4998302459716797,46,0
8,task,unpaired,c043,21,-0.7498989105224609,79,46
8,full,unpaired_eval,c043,21,0.1254100799560547,79,0
8,readout,unpaired_eval,c043,21,0.7502365112304688,46,0
8,task,unpaired_eval,c043,21,-0.4998321533203125,79,46
10,full,paired,c043,21,-0.7495861053466797,108,0
10,readout,paired,c043,21,-0.37481689453125,46,0
10,task,paired,c043,21,-0.3748645782470703,108,46
10,full,sameclass,c043,21,0.3749980926513672,109,0
10,readout,sameclass,c043,21,0.5000076293945312,46,0
10,task,sameclass,c043,21,-0.12502479553222656,109,46
10,full,unpaired,c043,21,-1.3747901916503906,79,0
10,readout,unpaired,c043,21,-0.8748245239257812,46,0
10,task,unpaired,c043,21,-0.49994468688964844,79,46
10,full,unpaired_eval,c043,21,0.250396728515625,79,0
10,readout,unpaired_eval,c043,21,0.8752708435058594,46,0
10,task,unpaired_eval,c043,21,-0.3748912811279297,79,46
16,full,paired,c043,21,-2.1238136291503906,108,0
16,readout,paired,c043,21,-2.1240711212158203,46,0
16,task,paired,c043,21,-0.1248626708984375,108,46
16,full,sameclass,c043,21,-0.4996070861816406,109,0
16,readout,sameclass,c043,21,-0.4996471405029297,46,0
16,task,sameclass,c043,21,-5.7220458984375e-06,109,46
16,full,unpaired,c043,21,-3.623929977416992,79,0
16,readout,unpaired,c043,21,-3.4991607666015625,46,0
16,task,unpaired,c043,21,8.96453857421875e-05,79,46
16,full,unpaired_eval,c043,21,0.7502555847167969,79,0
16,readout,unpaired_eval,c043,21,0.7501850128173828,46,0
16,task,unpaired_eval,c043,21,-0.12492942810058594,79,46
8,full,paired,c044,22,-0.8749923706054688,124,0
8,readout,paired,c044,22,-1.1249885559082031,46,0
8,task,paired,c044,22,0.12492942810058594,124,46
8,full,sameclass,c044,22,-0.7500514984130859,127,0
8,readout,sameclass,c044,22,-1.4999008178710938,46,0
8,task,sameclass,c044,22,0.7499618530273438,127,46
8,full,unpaired,c044,22,-1.7500782012939453,79,0
8,readout,unpaired,c044,22,-1.8748455047607422,46,0
8,task,unpaired,c044,22,0.2498321533203125,79,46
8,full,unpaired_eval,c044,22,0.4998302459716797,79,0
8,readout,unpaired_eval,c044,22,-4.38690185546875e-05,46,0
8,task,unpaired_eval,c044,22,0.12497520446777344,79,46
10,full,paired,c044,22,-1.8750019073486328,124,0
10,readout,paired,c044,22,-1.9998645782470703,46,0
10,task,paired,c044,22,-9.918212890625e-05,124,46
10,full,sameclass,c044,22,-2.1248722076416016,127,0
10,readout,sameclass,c044,22,-2.000032424926758,46,0
10,task,sameclass,c044,22,0.125152587890625,127,46
10,full,unpaired,c044,22,-2.7498703002929688,79,0
10,readout,unpaired,c044,22,-2.499876022338867,46,0
10,task,unpaired,c044,22,-0.25012969970703125,79,46
10,full,unpaired_eval,c044,22,0.2498340606689453,79,0
10,readout,unpaired_eval,c044,22,0.24990272521972656,46,0
10,task,unpaired_eval,c044,22,-0.12504959106445312,79,46
16,full,paired,c044,22,-4.8739166259765625,124,0
16,readout,paired,c044,22,-4.874000549316406,46,0
16,task,paired,c044,22,0.0001373291015625,124,46
16,full,sameclass,c044,22,-4.124462127685547,127,0
16,readout,sameclass,c044,22,-4.124456405639648,46,0
16,task,sameclass,c044,22,-0.24988365173339844,127,46
16,full,unpaired,c044,22,-5.624076843261719,79,0
16,readout,unpaired,c044,22,-5.49928092956543,46,0
16,task,unpaired,c044,22,-0.12491989135742188,79,46
16,full,unpaired_eval,c044,22,-0.12519264221191406,79,0
16,readout,unpaired_eval,c044,22,-0.12514686584472656,46,0
16,task,unpaired_eval,c044,22,-0.2499866485595703,79,46
8,full,paired,c045,23,-1.8749103546142578,108,0
8,readout,paired,c045,23,-1.7498340606689453,46,0
8,task,paired,c045,23,-0.1250438690185547,108,46
8,full,sameclass,c045,23,0.12491989135742188,109,0
8,readout,sameclass,c045,23,-0.25003814697265625,46,0
8,task,sameclass,c045,23,0.24995040893554688,109,46
8,full,unpaired,c045,23,-1.4999618530273438,79,0
8,readout,unpaired,c045,23,-1.2499408721923828,46,0
8,task,unpaired,c045,23,-0.5000400543212891,79,46
8,full,unpaired_eval,c045,23,-0.99993896484375,59,0
8,readout,unpaired_eval,c045,23,-1.249795913696289,46,0
8,task,unpaired_eval,c045,23,0.2499408721923828,59,46
10,full,paired,c045,23,-2.7497615814208984,108,0
10,readout,paired,c045,23,-2.6247425079345703,46,0
10,task,paired,c045,23,-0.12502098083496094,108,46
10,full,sameclass,c045,23,-0.5000572204589844,109,0
10,readout,sameclass,c045,23,-0.6250476837158203,46,0
10,task,sameclass,c045,23,0.24994659423828125,109,46
10,full,unpaired,c045,23,-2.249818801879883,79,0
10,readout,unpaired,c045,23,-2.1247329711914062,46,0
10,task,unpaired,c045,23,-0.3750438690185547,79,46
10,full,unpaired_eval,c045,23,-1.2499122619628906,59,0
10,readout,unpaired_eval,c045,23,-1.8746528625488281,46,0
10,task,unpaired_eval,c045,23,0.7499065399169922,59,46
16,full,paired,c045,23,-5.4989776611328125,108,0
16,readout,paired,c045,23,-5.249238967895508,46,0
16,task,paired,c045,23,0.12502288818359375,108,46
16,full,sameclass,c045,23,-2.8747596740722656,109,0
16,readout,sameclass,c045,23,-2.874723434448242,46,0
16,task,sameclass,c045,23,-1.33514404296875e-05,109,46
16,full,unpaired,c045,23,-5.24901008605957,79,0
16,readout,unpaired,c045,23,-5.248924255371094,46,0
16,task,unpaired,c045,23,0.3750038146972656,79,46
16,full,unpaired_eval,c045,23,-3.3738346099853516,59,0
16,readout,unpaired_eval,c045,23,-3.499042510986328,46,0
16,task,unpaired_eval,c045,23,0.3750476837158203,59,46
8,full,paired,c046,24,-0.25039100646972656,59,0
8,readout,paired,c046,24,-0.2501869201660156,46,0
8,task,paired,c046,24,-0.12511253356933594,59,46
8,full,sameclass,c046,24,0.2504138946533203,59,0
8,readout,sameclass,c046,24,0.25030517578125,46,0
8,task,sameclass,c046,24,0.0002422332763671875,59,46
8,full,unpaired,c046,24,0.0001125335693359375,59,0
8,readout,unpaired,c046,24,-0.12498664855957031,46,0
8,task,unpaired,c046,24,0.000400543212890625,59,46
8,full,unpaired_eval,c046,24,-0.37504005432128906,59,0
8,readout,unpaired_eval,c046,24,-0.2503623962402344,46,0
8,task,unpaired_eval,c046,24,-0.12471199035644531,59,46
10,full,paired,c046,24,-1.249856948852539,59,0
10,readout,paired,c046,24,-0.7500476837158203,46,0
10,task,paired,c046,24,-0.3746223449707031,59,46
10,full,sameclass,c046,24,0.12480926513671875,59,0
10,readout,sameclass,c046,24,0.2496814727783203,46,0
10,task,sameclass,c046,24,-0.12479019165039062,59,46
10,full,unpaired,c046,24,-0.37512779235839844,59,0
10,readout,unpaired,c046,24,-0.25043296813964844,46,0
10,task,unpaired,c046,24,0.00083160400390625,59,46
10,full,unpaired_eval,c046,24,-0.25041961669921875,59,0
10,readout,unpaired_eval,c046,24,-0.12546920776367188,46,0
10,task,unpaired_eval,c046,24,0.0008411407470703125,59,46
16,full,paired,c046,24,-1.8748283386230469,59,0
16,readout,paired,c046,24,-1.874624252319336,46,0
16,task,paired,c046,24,-0.12493515014648438,59,46
16,full,sameclass,c046,24,0.3745880126953125,59,0
16,readout,sameclass,c046,24,0.4995994567871094,46,0
16,task,sameclass,c046,24,-0.12514114379882812,59,46
16,full,unpaired,c046,24,-0.8748779296875,59,0
16,readout,unpaired,c046,24,-0.8747634887695312,46,0
16,task,unpaired,c046,24,-0.1250591278076172,59,46
16,full,unpaired_eval,c046,24,1.3744354248046875,59,0
16,readout,unpaired_eval,c046,24,1.3744869232177734,46,0
16,task,unpaired_eval,c046,24,-0.12494850158691406,59,46
8,full,paired,c047,25,-0.24985122680664062,127,0
8,readout,paired,c047,25,-0.12491416931152344,46,0
8,task,paired,c047,25,0.24994468688964844,127,46
8,full,sameclass,c047,25,-0.12470626831054688,129,0
8,readout,sameclass,c047,25,0.0001392364501953125,46,0
8,task,sameclass,c047,25,0.12509727478027344,129,46
8,full,unpaired,c047,25,-0.12491035461425781,59,0
8,readout,unpaired,c047,25,0.6248950958251953,46,0
8,task,unpaired,c047,25,-0.1250629425048828,59,46
8,full,unpaired_eval,c047,25,2.9999771118164062,59,0
8,readout,unpaired_eval,c047,25,3.4998531341552734,46,0
8,task,unpaired_eval,c047,25,-0.6246929168701172,59,46
10,full,paired,c047,25,-0.49982643127441406,127,0
10,readout,paired,c047,25,-0.37494468688964844,46,0
10,task,paired,c047,25,-6.67572021484375e-05,127,46
10,full,sameclass,c047,25,0.12508773803710938,129,0
10,readout,sameclass,c047,25,0.12514305114746094,46,0
10,task,sameclass,c047,25,-0.125,129,46
10,full,unpaired,c047,25,-0.6246490478515625,59,0
10,readout,unpaired,c047,25,-0.49976348876953125,46,0
10,task,unpaired,c047,25,0.12497711181640625,59,46
10,full,unpaired_eval,c047,25,2.625041961669922,59,0
10,readout,unpaired_eval,c047,25,3.8748607635498047,46,0
10,task,unpaired_eval,c047,25,-0.3745880126953125,59,46
16,full,paired,c047,25,-2.3738670349121094,127,0
16,readout,paired,c047,25,-2.2492847442626953,46,0
16,task,paired,c047,25,6.4849853515625e-05,127,46
16,full,sameclass,c047,25,0.1250591278076172,129,0
16,readout,sameclass,c047,25,8.20159912109375e-05,46,0
16,task,sameclass,c047,25,1.9073486328125e-06,129,46
16,full,unpaired,c047,25,-6.374338150024414,59,0
16,readout,unpaired,c047,25,-6.373952865600586,46,0
16,task,unpaired,c047,25,0.12489700317382812,59,46
16,full,unpaired_eval,c047,25,1.499734878540039,59,0
16,readout,unpaired_eval,c047,25,1.499837875366211,46,0
16,task,unpaired_eval,c047,25,-0.12508392333984375,59,46
8,full,paired,c049,26,-2.3748836517333984,73,0
8,readout,paired,c049,26,-3.3745365142822266,46,0
8,task,paired,c049,26,0.12493515014648438,73,46
8,full,sameclass,c049,26,-1.62493896484375,74,0
8,readout,sameclass,c049,26,-1.8748207092285156,46,0
8,task,sameclass,c049,26,0.12497329711914062,74,46
8,full,unpaired,c049,26,-0.9998264312744141,59,0
8,readout,unpaired,c049,26,-2.3744449615478516,46,0
8,task,unpaired,c049,26,1.999898910522461,59,46
8,full,unpaired_eval,c049,26,-0.3748779296875,59,0
8,readout,unpaired_eval,c049,26,-2.1245899200439453,46,0
8,task,unpaired_eval,c049,26,2.1249027252197266,59,46
10,full,paired,c049,26,-2.9997215270996094,73,0
10,readout,paired,c049,26,-4.249479293823242,46,0
10,task,paired,c049,26,0.6249427795410156,73,46
10,full,sameclass,c049,26,-1.9999313354492188,74,0
10,readout,sameclass,c049,26,-2.2498302459716797,46,0
10,task,sameclass,c049,26,-1.71661376953125e-05,74,46
10,full,unpaired,c049,26,-1.0000343322753906,59,0
10,readout,unpaired,c049,26,-2.3748912811279297,46,0
10,task,unpaired,c049,26,2.6248722076416016,59,46
10,full,unpaired_eval,c049,26,0.12492179870605469,59,0
10,readout,unpaired_eval,c049,26,-1.624959945678711,46,0
10,task,unpaired_eval,c049,26,2.6248931884765625,59,46
16,full,paired,c049,26,-7.249385833740234,73,0
16,readout,paired,c049,26,-7.374290466308594,46,0
16,task,paired,c049,26,-0.12502098083496094,73,46
16,full,sameclass,c049,26,-1.7497062683105469,74,0
16,readout,sameclass,c049,26,-1.7497062683105469,46,0
16,task,sameclass,c049,26,5.7220458984375e-06,74,46
16,full,unpaired,c049,26,-3.124612808227539,59,0
16,readout,unpaired,c049,26,-3.2496490478515625,46,0
16,task,unpaired,c049,26,6.4849853515625e-05,59,46
16,full,unpaired_eval,c049,26,-1.8746871948242188,59,0
16,readout,unpaired_eval,c049,26,-2.124755859375,46,0
16,task,unpaired_eval,c049,26,8.20159912109375e-05,59,46
8,full,paired,c050,27,-0.37512779235839844,142,0
8,readout,paired,c050,27,-0.24994659423828125,46,0
8,task,paired,c050,27,-0.2501564025878906,142,46
8,full,sameclass,c050,27,-0.6247901916503906,142,0
8,readout,sameclass,c050,27,-0.2500438690185547,46,0
8,task,sameclass,c050,27,-0.37479400634765625,142,46
8,full,unpaired,c050,27,0.24991226196289062,79,0
8,readout,unpaired,c050,27,0.2500114440917969,46,0
8,task,unpaired,c050,27,-0.00014495849609375,79,46
8,full,unpaired_eval,c050,27,-0.24989891052246094,59,0
8,readout,unpaired_eval,c050,27,-0.124908447265625,46,0
8,task,unpaired_eval,c050,27,0.12486076354980469,59,46
10,full,paired,c050,27,-0.6251640319824219,142,0
10,readout,paired,c050,27,-0.6248741149902344,46,0
10,task,paired,c050,27,-0.0001468658447265625,142,46
10,full,sameclass,c050,27,-0.7497692108154297,142,0
10,readout,sameclass,c050,27,-0.2500438690185547,46,0
10,task,sameclass,c050,27,-0.2497997283935547,142,46
10,full,unpaired,c050,27,-0.12497329711914062,79,0
10,readout,unpaired,c050,27,-0.12480735778808594,46,0
10,task,unpaired,c050,27,0.12479400634765625,79,46
10,full,unpaired_eval,c050,27,-0.5000648498535156,59,0
10,readout,unpaired_eval,c050,27,-0.6245098114013672,46,0
10,task,unpaired_eval,c050,27,0.24962425231933594,59,46
16,full,paired,c050,27,-1.2499198913574219,142,0
16,readout,paired,c050,27,-1.2499198913574219,46,0
16,task,paired,c050,27,0.1248931884765625,142,46
16,full,sameclass,c050,27,-0.9996318817138672,142,0
16,readout,sameclass,c050,27,-0.9996242523193359,46,0
16,task,sameclass,c050,27,4.57763671875e-05,142,46
16,full,unpaired,c050,27,-0.5000553131103516,79,0
16,readout,unpaired,c050,27,-0.2501544952392578,46,0
16,task,unpaired,c050,27,-6.4849853515625e-05,79,46
16,full,unpaired_eval,c050,27,-1.7495708465576172,59,0
16,readout,unpaired_eval,c050,27,-1.8745574951171875,46,0
16,task,unpaired_eval,c050,27,-4.1961669921875e-05,59,46
8,full,paired,c056,28,0.2502727508544922,59,0
8,readout,paired,c056,28,0.3748664855957031,46,0
8,task,paired,c056,28,0.12538909912109375,59,46
8,full,sameclass,c056,28,0.3748817443847656,59,0
8,readout,sameclass,c056,28,0.24960899353027344,46,0
8,task,sameclass,c056,28,0.2503681182861328,59,46
8,full,unpaired,c056,28,-1.624502182006836,59,0
8,readout,unpaired,c056,28,-0.6249980926513672,46,0
8,task,unpaired,c056,28,-0.6246585845947266,59,46
8,full,unpaired_eval,c056,28,-1.2496566772460938,59,0
8,readout,unpaired_eval,c056,28,-0.37470436096191406,46,0
8,task,unpaired_eval,c056,28,-0.6251697540283203,59,46
10,full,paired,c056,28,0.25028419494628906,59,0
10,readout,paired,c056,28,0.2498035430908203,46,0
10,task,paired,c056,28,-0.1241455078125,59,46
10,full,sameclass,c056,28,0.7500438690185547,59,0
10,readout,sameclass,c056,28,0.49962425231933594,46,0
10,task,sameclass,c056,28,0.2508392333984375,59,46
10,full,unpaired,c056,28,-4.373388290405273,59,0
10,readout,unpaired,c056,28,-2.749195098876953,46,0
10,task,unpaired,c056,28,-1.2479209899902344,59,46
10,full,unpaired_eval,c056,28,-2.6237545013427734,59,0
10,readout,unpaired_eval,c056,28,-1.2493038177490234,46,0
10,task,unpaired_eval,c056,28,-0.8745956420898438,59,46
16,full,paired,c056,28,1.3747806549072266,59,0
16,readout,paired,c056,28,1.3747482299804688,46,0
16,task,paired,c056,28,-0.12480735778808594,59,46
16,full,sameclass,c056,28,2.2496166229248047,59,0
16,readout,sameclass,c056,28,2.249563217163086,46,0
16,task,sameclass,c056,28,0.0003643035888671875,59,46
16,full,unpaired,c056,28,-4.500110626220703,59,0
16,readout,unpaired,c056,28,-4.749668121337891,46,0
16,task,unpaired,c056,28,-0.1252002716064453,59,46
16,full,unpaired_eval,c056,28,-1.1252975463867188,59,0
16,readout,unpaired_eval,c056,28,-1.2499809265136719,46,0
16,task,unpaired_eval,c056,28,-0.1252727508544922,59,46
8,full,paired,c058,29,-0.2498950958251953,59,0
8,readout,paired,c058,29,-0.3750476837158203,46,0
8,task,paired,c058,29,0.1250934600830078,59,46
8,full,sameclass,c058,29,-0.24964332580566406,59,0
8,readout,sameclass,c058,29,-0.24982833862304688,46,0
8,task,sameclass,c058,29,0.12507247924804688,59,46
8,full,unpaired,c058,29,0.00020599365234375,59,0
8,readout,unpaired,c058,29,-0.2500286102294922,46,0
8,task,unpaired,c058,29,0.25029563903808594,59,46
8,full,unpaired_eval,c058,29,0.6252002716064453,59,0
8,readout,unpaired_eval,c058,29,-0.12489700317382812,46,0
8,task,unpaired_eval,c058,29,0.2502555847167969,59,46
10,full,paired,c058,29,-0.8747768402099609,59,0
10,readout,paired,c058,29,-1.1250019073486328,46,0
10,task,paired,c058,29,0.12514305114746094,59,46
10,full,sameclass,c058,29,-0.4993610382080078,59,0
10,readout,sameclass,c058,29,-0.49964141845703125,46,0
10,task,sameclass,c058,29,-0.1247711181640625,59,46
10,full,unpaired,c058,29,4.9591064453125e-05,59,0
10,readout,unpaired,c058,29,-0.7499980926513672,46,0
10,task,unpaired,c058,29,0.6251354217529297,59,46
10,full,unpaired_eval,c058,29,1.1249866485595703,59,0
10,readout,unpaired_eval,c058,29,0.0001697540283203125,46,0
10,task,unpaired_eval,c058,29,0.7501258850097656,59,46
16,full,paired,c058,29,-2.874845504760742,59,0
16,readout,paired,c058,29,-2.999868392944336,46,0
16,task,paired,c058,29,-0.12489891052246094,59,46
16,full,sameclass,c058,29,1.0003643035888672,59,0
16,readout,sameclass,c058,29,1.2502593994140625,46,0
16,task,sameclass,c058,29,-0.12494087219238281,59,46
16,full,unpaired,c058,29,0.2505054473876953,59,0
16,readout,unpaired,c058,29,0.5,46,0
16,task,unpaired,c058,29,-0.1248016357421875,59,46
16,full,unpaired_eval,c058,29,2.6250267028808594,59,0
16,readout,unpaired_eval,c058,29,2.624795913696289,46,0
16,task,unpaired_eval,c058,29,-0.12479209899902344,59,46
