arm,dst_cls,layer,region,effect,mean,lo,hi,n_contents
constructed,deploy,16,final,class,0.0017262140909830729,-0.027468356291453045,0.03233977953592935,30
constructed,deploy,16,final,content,0.035945955912272134,-0.025888423919677734,0.1021280002593994,30
constructed,deploy,16,final,interaction,0.02026475270589193,-0.0012378740310668944,0.041617166201273585,30
constructed,deploy,16,readout,class,0.2815567970275879,0.17944755792617798,0.39247630198796585,30
constructed,deploy,16,readout,content,0.001826318105061849,-0.08798578818639119,0.0855478390057881,30
constructed,deploy,16,readout,interaction,0.060219732920328777,-0.02430182615915934,0.1457646870613098,30
constructed,deploy,16,task,class,-0.008692487080891927,-0.026365442276000975,0.009375600020090724,30
constructed,deploy,16,task,content,0.0033454259236653646,-0.019634548823038736,0.02475641568501787,30
constructed,deploy,16,task,interaction,-0.005209223429361979,-0.018937169710795086,0.00864514509836832,30
constructed,deploy,28,final,class,0.3919026056925456,0.27738602002461754,0.5118999814987183,30
constructed,deploy,28,final,content,-0.0120819091796875,-0.10728024403254191,0.08089611530303954,30
constructed,deploy,28,final,interaction,0.08198426564534506,-0.021270596186319986,0.18189175287882475,30
constructed,deploy,28,readout,class,0.39448534647623695,0.2809215752283732,0.5165006573994954,30
constructed,deploy,28,readout,content,-0.017310523986816408,-0.11414452075958252,0.07454602718353251,30
constructed,deploy,28,readout,interaction,0.07743504842122396,-0.02736294666926066,0.18031143744786576,30
constructed,deploy,28,task,class,-0.0039805412292480465,-0.007556185722351075,-0.0002634652455647801,30
constructed,deploy,28,task,content,0.0017893791198730468,-0.004344151020050049,0.0072474733988443975,30
constructed,deploy,28,task,interaction,-0.0005824089050292969,-0.004066023031870524,0.0026863304773966424,30
constructed,eval,16,final,class,0.034341049194335935,0.0018994943300882977,0.06639148871103921,30
constructed,eval,16,final,content,0.015033213297526042,-0.046430761814117434,0.08417059818903604,30
constructed,eval,16,final,interaction,0.04582055409749349,0.017965792814890545,0.07453615347544351,30
constructed,eval,16,readout,class,-0.17949717839558918,-0.2736386450131734,-0.08792019287745158,30
constructed,eval,16,readout,content,0.11711517969767253,0.00977867921193441,0.22266096750895176,30
constructed,eval,16,readout,interaction,0.121507994333903,0.01602215766906738,0.2155378699302673,30
constructed,eval,16,task,class,0.011845874786376952,-0.002889625231424967,0.026258352597554522,30
constructed,eval,16,task,content,0.030039056142171224,-0.0003313453992207845,0.06094913244247436,30
constructed,eval,16,task,interaction,0.0028415362040201822,-0.016542123953501384,0.022303495407104457,30
constructed,eval,28,final,class,-0.231726868947347,-0.3273849129676819,-0.13997086048126223,30
constructed,eval,28,final,content,0.14891945521036784,0.031200448671976723,0.2737416887283324,30
constructed,eval,28,final,interaction,0.06666409174601237,-0.04374907493591308,0.16363018353780107,30
constructed,eval,28,readout,class,-0.2406881014506022,-0.3382246478398641,-0.14774307092030864,30
constructed,eval,28,readout,content,0.14917968114217123,0.02773004690806071,0.2748233286539713,30
constructed,eval,28,readout,interaction,0.06215728123982747,-0.05014607191085815,0.16351623296737666,30
constructed,eval,28,task,class,0.004366366068522135,0.00028538783391316737,0.00871852795282999,30
constructed,eval,28,task,content,0.002436383565266927,-0.003237544695536296,0.008056944211324055,30
constructed,eval,28,task,interaction,-0.0006102879842122395,-0.004726518789927164,0.003503459294637044,30
constructed_min,deploy,16,final,class,0.0005262374877929687,-0.01876242717107137,0.0206359934806823,30
constructed_min,deploy,16,final,content,0.013721720377604166,-0.026792506376902264,0.05205646435419714,30
constructed_min,deploy,16,final,interaction,0.012103525797526042,-0.0016669956843058267,0.025495808919270828,30
constructed_min,deploy,16,readout,class,0.16320581436157228,0.09684091488520305,0.2365942120552062,30
constructed_min,deploy,16,readout,content,0.011922995249430338,-0.03998097817103068,0.062363868554433176,30
constructed_min,deploy,16,readout,interaction,0.060849730173746744,0.003062833944956463,0.12149498701095579,30
constructed_min,deploy,16,task,class,-0.007864793141682943,-0.02046303590138753,0.004952872594197571,30
constructed_min,deploy,16,task,content,0.002248414357503255,-0.011852227052052817,0.015058753490447984,30
constructed_min,deploy,16,task,interaction,-0.0031678199768066405,-0.01236449639002482,0.00670547087987263,30
constructed_min,deploy,28,final,class,0.2613165855407715,0.18224483887354534,0.3497518134117125,30
constructed_min,deploy,28,final,content,-0.00824441909790039,-0.06957228978474934,0.05107388496398923,30
constructed_min,deploy,28,final,interaction,0.05995105107625325,-0.011540633837381999,0.13071698586146036,30
constructed_min,deploy,28,readout,class,0.2630434036254883,0.18453708092371623,0.35081353664398185,30
constructed_min,deploy,28,readout,content,-0.011175791422526041,-0.07388701279958089,0.051093042691548636,30
constructed_min,deploy,28,readout,interaction,0.055986849466959636,-0.01695466200510661,0.1279757738113403,30
constructed_min,deploy,28,task,class,-0.003371715545654297,-0.0059094365437825525,-0.0008329518636067725,30
constructed_min,deploy,28,task,content,0.002628358205159505,-0.0012955617904663085,0.006352249781290689,30
constructed_min,deploy,28,task,interaction,-0.00042912165323893227,-0.002639190355936686,0.0017582790056864398,30
constructed_min,eval,16,final,class,0.023171265920003254,-0.0015914114316304521,0.04732516129811604,30
constructed_min,eval,16,final,content,0.0024953524271647135,-0.037925251324971515,0.044921647707621214,30
constructed_min,eval,16,final,interaction,0.03225634892781575,0.013226380348205566,0.05263011773427327,30
constructed_min,eval,16,readout,class,-0.14355481465657552,-0.21341036001841227,-0.07706816911697398,30
constructed_min,eval,16,readout,content,0.08110567728678385,0.003087286949157715,0.15690595865249632,30
constructed_min,eval,16,readout,interaction,0.08238964080810547,0.003980066776275635,0.1522718604405721,30
constructed_min,eval,16,task,class,0.010249487559000651,0.00026887416839599615,0.02036260843276977,30
constructed_min,eval,16,task,content,0.019736194610595705,-0.0032709916432698567,0.04287735859553019,30
constructed_min,eval,16,task,interaction,0.001204204559326172,-0.013191691239674886,0.015202292601267497,30
constructed_min,eval,28,final,class,-0.15683956146240235,-0.2311328887939453,-0.08575556119283044,30
constructed_min,eval,28,final,content,0.10110702514648437,0.019097657203674318,0.18672748406728096,30
constructed_min,eval,28,final,interaction,0.043024508158365886,-0.04433549801508586,0.11805794874827066,30
constructed_min,eval,28,readout,class,-0.16427313486735026,-0.23965025266011555,-0.09425466299057017,30
constructed_min,eval,28,readout,content,0.10113099416097006,0.01595640500386556,0.18889937798182166,30
constructed_min,eval,28,readout,interaction,0.03992392222086589,-0.050008010069529214,0.11822929302851355,30
constructed_min,eval,28,task,class,0.002956390380859375,0.00014711618423461916,0.005898387432098388,30
constructed_min,eval,28,task,content,0.0015164057413736979,-0.0025372664133707684,0.005689826806386311,30
constructed_min,eval,28,task,interaction,-0.00075836181640625,-0.003742806116739909,0.0023405949274698883,30
selected,deploy,16,final,class,-0.02919902801513672,-0.05950568675994873,0.0014365450541177992,30
selected,deploy,16,final,content,0.00375518798828125,-0.07255925019582112,0.0891425045331318,30
selected,deploy,16,final,interaction,0.012206586201985677,-0.01193801244099935,0.03811777114868163,30
selected,deploy,16,readout,class,0.12908382415771485,0.026132632096608478,0.2376276167233784,30
selected,deploy,16,readout,content,0.01146856943766276,-0.0674623966217041,0.08942569891611733,30
selected,deploy,16,readout,interaction,-0.019946797688802084,-0.12007338682810466,0.07120861768722529,30
selected,deploy,16,task,class,-0.008230050404866537,-0.02420139948527018,0.008289861679077143,30
selected,deploy,16,task,content,0.005943584442138672,-0.020763248602549234,0.030822344621022537,30
selected,deploy,16,task,interaction,0.013352807362874348,-0.0027837220827738444,0.03125461022059122,30
selected,deploy,28,final,class,0.2822431564331055,0.19130099932352704,0.3837472152709961,30
selected,deploy,28,final,content,-0.015880902608235676,-0.11023332277933758,0.0739276146888733,30
selected,deploy,28,final,interaction,-0.04932181040445963,-0.1715166759490967,0.06593539555867507,30
selected,deploy,28,readout,class,0.09421485265096029,0.016001553535461427,0.17952420155207313,30
selected,deploy,28,readout,content,0.012405618031819662,-0.09643757104873657,0.1281449731190999,30
selected,deploy,28,readout,interaction,-0.006370067596435547,-0.09038435061772665,0.0815225330988566,30
selected,deploy,28,task,class,-0.0052356719970703125,-0.008949592113494874,-0.0016515787442525237,30
selected,deploy,28,task,content,0.0014081319173177083,-0.0066407648722330735,0.008871877193450924,30
selected,deploy,28,task,interaction,0.0012456893920898438,-0.00263640562693278,0.005224790573120117,30
selected,eval,16,final,class,-0.019124348958333332,-0.052714307308197025,0.017579119205474836,30
selected,eval,16,final,content,-0.01584631601969401,-0.09778903722763062,0.07515577793121336,30
selected,eval,16,final,interaction,0.023018391927083333,-0.01358976682027181,0.06254420757293701,30
selected,eval,16,readout,class,-0.2502126693725586,-0.3452840264638265,-0.1589458537101746,30
selected,eval,16,readout,content,0.02058563232421875,-0.05968142032623291,0.10668800195058183,30
selected,eval,16,readout,interaction,0.052781931559244794,-0.03920345465342203,0.14629316409428914,30
selected,eval,16,task,class,0.0018435160319010416,-0.011662735144297281,0.014805831909179687,30
selected,eval,16,task,content,0.00012334187825520834,-0.03706058820088704,0.03795958121617634,30
selected,eval,16,task,interaction,-0.0025552749633789063,-0.018500103950500488,0.014360140959421772,30
selected,eval,28,final,class,-0.24349470138549806,-0.36030869404474897,-0.1363774752616883,30
selected,eval,28,final,content,0.06414651870727539,-0.035740830898284906,0.16396514415740965,30
selected,eval,28,final,interaction,0.06205275853474935,-0.03388664642969767,0.1645690886179606,30
selected,eval,28,readout,class,-0.3188786506652832,-0.4030198264122009,-0.23351704597473147,30
selected,eval,28,readout,content,0.017207558949788412,-0.09280099630355834,0.11991833845774333,30
selected,eval,28,readout,interaction,0.0883296012878418,-0.013059187730153401,0.1989305027325947,30
selected,eval,28,task,class,0.0062539100646972655,0.0032485699653625488,0.009115332762400306,30
selected,eval,28,task,content,-0.00010207494099934896,-0.009756027857462565,0.008755880196889242,30
selected,eval,28,task,interaction,0.0005487759908040364,-0.00396686315536499,0.004716602961222325,30
unmatched,deploy,16,final,class,-0.006729412078857422,-0.0319346276919047,0.019855117003122955,30
unmatched,deploy,16,final,content,0.022981293996175132,-0.0552779229482015,0.1119543099403381,30
unmatched,deploy,16,final,interaction,0.017802906036376954,-0.0007694911956787109,0.03640669902165728,30
unmatched,deploy,16,readout,class,0.40000168482462567,0.2837186312675476,0.5165132387479145,30
unmatched,deploy,16,readout,content,0.03654934565226237,-0.06589005867640177,0.13915270725886025,30
unmatched,deploy,16,readout,interaction,0.02205209732055664,-0.08673774480819701,0.12465192238489767,30
unmatched,deploy,16,task,class,-0.012838522593180338,-0.02994072437286377,0.004907170136769612,30
unmatched,deploy,16,task,content,-0.010627142588297526,-0.03347304582595825,0.012271199226379384,30
unmatched,deploy,16,task,interaction,-0.0058609962463378905,-0.017962382634480793,0.006452518304189045,30
unmatched,deploy,28,final,class,0.437322998046875,0.31641164541244504,0.5613617491722106,30
unmatched,deploy,28,final,content,0.02562745412190755,-0.07898092826207478,0.13407959222793572,30
unmatched,deploy,28,final,interaction,0.027757898966471354,-0.09553022066752115,0.13720263719558715,30
unmatched,deploy,28,readout,class,0.439305051167806,0.31940553029378255,0.5635817734400431,30
unmatched,deploy,28,readout,content,0.026264254252115884,-0.07850143353144327,0.13296591997146603,30
unmatched,deploy,28,readout,interaction,0.02562230428059896,-0.09443317810694375,0.13627053578694653,30
unmatched,deploy,28,task,class,-0.004131094614664713,-0.007450746695200602,-0.0008785613377889,30
unmatched,deploy,28,task,content,-0.0017540295918782552,-0.00922924280166626,0.004871549606323235,30
unmatched,deploy,28,task,interaction,-0.0006855964660644531,-0.0038197668393452964,0.0021859463055928516,30
unmatched,eval,16,final,class,0.021761576334635418,-0.008002492586771647,0.04954692602157592,30
unmatched,eval,16,final,content,0.015198071797688803,-0.06720397869745891,0.10050375699996929,30
unmatched,eval,16,final,interaction,0.030330085754394533,0.007746618588765462,0.05498558918635049,30
unmatched,eval,16,readout,class,-0.2690164566040039,-0.37251341581344605,-0.1700255314509074,30
unmatched,eval,16,readout,content,0.1075466791788737,-0.002804047266642252,0.21583300987879434,30
unmatched,eval,16,readout,interaction,0.11836554209391276,0.007110077540079754,0.21722365538279215,30
unmatched,eval,16,task,class,0.013265482584635417,-0.00012224038441975901,0.027055036226908358,30
unmatched,eval,16,task,content,0.0024384180704752605,-0.03120123068491618,0.03574291467666623,30
unmatched,eval,16,task,interaction,0.0038765589396158855,-0.013670995235443115,0.021906784375508623,30
unmatched,eval,28,final,class,-0.28670307795206706,-0.3959473752975464,-0.18506695667902628,30
unmatched,eval,28,final,content,0.1147672971089681,-0.00029311498006184854,0.22893256028493242,30
unmatched,eval,28,final,interaction,0.119158140818278,0.0028374441464742036,0.22362676620483396,30
unmatched,eval,28,readout,class,-0.2953910827636719,-0.4041994619369507,-0.1925804169972738,30
unmatched,eval,28,readout,content,0.11371110280354818,-0.0014709067344665522,0.23132666667302434,30
unmatched,eval,28,readout,interaction,0.11429621378580729,-0.0026564470926920573,0.21871617794036866,30
unmatched,eval,28,task,class,0.004067134857177734,0.0003899868329366048,0.008107414245605469,30
unmatched,eval,28,task,content,-0.0022119839986165365,-0.009633403619130452,0.004812835852305092,30
unmatched,eval,28,task,interaction,-0.0008870124816894531,-0.004546714623769124,0.002872347036997475,30
